date,prediction,probability,actual_profitable,target_value,target_value_normalized,test_end_idx,Ret_0-1hr_value,Ret_4-8hr_value
2012-09-25 09:55:00,0,0.37,0,-1.153,-1.153,2350,-0.155,-0.172
2012-09-26 09:55:00,0,0.445,0,-0.332,-0.332,2350,-0.139,-0.104
2012-09-27 09:55:00,0,0.375,1,0.664,0.664,2350,-0.157,-0.087
2012-09-28 09:55:00,0,0.015,1,0.175,0.175,2350,-0.244,-0.225
2012-10-01 09:55:00,1,0.86,0,-0.295,-0.295,2350,0.017,0.734
2012-10-02 09:55:00,0,0.585,0,-0.191,-0.191,2350,-0.139,0.365
2012-10-03 09:55:00,0,0.215,1,0.487,0.487,2350,-0.312,0.191
2012-10-04 09:55:00,1,0.735,1,0.396,0.396,2350,-0.034,-0.069
2012-10-05 09:55:00,1,0.765,0,-0.512,-0.512,2350,0.103,-0.051
2012-10-08 09:55:00,1,0.69,1,0.069,0.069,2350,-0.017,-0.189
2012-10-09 09:55:00,0,0.015,0,-0.743,-0.743,2350,-0.327,-0.292
2012-10-10 09:55:00,0,0.44,0,-0.436,-0.436,2350,-0.139,-0.122
2012-10-11 09:55:00,1,0.88,0,-0.47,-0.47,2350,0.105,0.368
2012-10-12 09:55:00,1,0.735,0,-0.611,-0.611,2350,0.035,-0.087
2012-10-15 09:55:00,0,0.575,1,0.702,0.702,2350,-0.14,0.404
2012-10-16 09:55:00,1,0.805,1,0.346,0.346,2350,0.156,-0.017
2012-10-17 09:55:00,1,0.815,1,0.224,0.224,2350,0.0,0.173
2012-10-18 09:55:00,1,0.8,0,-0.086,-0.086,2350,0.103,0.0
2012-10-19 09:55:00,0,0.1,0,-1.211,-1.211,2350,-0.259,-0.121
2012-10-22 09:55:00,1,0.81,1,0.088,0.088,2350,0.105,0.123
2012-10-23 09:55:00,0,0.015,0,-0.142,-0.142,2350,-0.248,-0.508
2012-10-24 09:55:00,0,0.585,0,-0.514,-0.514,2350,-0.124,-0.106
2012-10-25 09:55:00,1,0.79,0,-0.354,-0.354,2350,0.0,0.124
2012-10-26 09:55:00,1,0.71,1,0.089,0.089,2350,-0.107,0.09
2012-10-31 09:55:00,0,0.57,0,-0.407,-0.407,2350,-0.141,0.568
2012-11-01 09:55:00,1,0.9,1,0.495,0.495,2350,0.515,0.053
2012-11-02 09:55:00,0,0.13,0,-1.157,-1.157,2350,-0.315,-0.053
2012-11-05 09:55:00,0,0.595,1,0.552,0.552,2350,-0.124,-0.089
2012-11-06 09:55:00,1,0.875,1,0.282,0.282,2350,0.176,0.23
2012-11-07 09:55:00,0,0.245,0,-0.979,-0.979,2350,-0.584,0.281
2012-11-08 09:55:00,1,0.74,0,-1.506,-1.506,2350,0.108,-0.162
2012-11-09 09:55:00,1,0.755,1,0.127,0.127,2350,0.365,-0.706
2012-11-12 09:55:00,1,0.74,0,-0.236,-0.236,2350,-0.072,-0.036
2012-11-13 09:55:00,1,0.755,0,-0.363,-0.363,2350,0.493,-0.237
2012-11-14 09:55:00,0,0.165,0,-1.421,-1.421,2350,-0.236,0.054
2012-11-15 09:55:00,1,0.86,0,-0.111,-0.111,2350,0.0,0.258
2012-11-16 09:55:00,0,0.095,1,0.742,0.742,2350,-0.59,-0.185
2012-11-19 09:55:00,1,0.985,1,0.508,0.508,2350,0.401,0.294
2012-11-20 09:55:00,1,0.845,1,0.271,0.271,2350,-0.072,0.254
2012-11-21 09:55:00,1,0.86,1,0.054,0.054,2350,-0.018,0.271
2012-11-22 09:55:00,1,0.79,0,-0.126,-0.126,2350,0.0,0.09
2012-11-23 09:55:00,1,0.755,1,0.34,0.34,2350,0.251,-0.233
2012-11-26 09:55:00,1,0.795,1,0.214,0.214,2350,0.071,0.036
2012-11-27 09:55:00,1,0.65,0,-0.569,-0.569,2350,0.107,-0.32
2012-11-28 09:55:00,0,0.25,1,1.386,1.386,2350,-0.198,-0.018
2012-11-29 09:55:00,1,0.94,0,-0.106,-0.106,2350,0.23,0.283
2012-11-30 09:55:00,1,0.78,0,-0.018,-0.018,2350,-0.106,0.265
2012-12-03 09:55:00,0,0.425,0,-0.81,-0.81,2350,-0.176,0.159
2012-12-04 09:55:00,1,0.845,0,-0.178,-0.178,2350,0.124,0.178
2012-12-05 09:55:00,0,0.17,1,0.196,0.196,2350,-0.195,-0.195
2012-12-06 09:55:00,1,0.885,1,0.355,0.355,2350,0.178,0.231
2012-12-07 09:55:00,0,0.1,1,0.177,0.177,2350,-0.317,-0.124
2012-12-10 09:55:00,1,0.655,0,0.0,0.0,2350,0.159,-0.371
2012-12-11 09:55:00,1,0.985,0,-0.035,-0.035,2350,0.299,0.3
2012-12-12 09:55:00,0,0.425,0,-0.227,-0.227,2350,-0.174,0.157
2012-12-13 09:55:00,1,0.73,0,-0.595,-0.595,2350,0.14,-0.14
2012-12-14 09:55:00,0,0.465,0,-0.124,-0.124,2350,-0.142,-0.035
2012-12-17 09:55:00,1,0.755,1,0.6,0.6,2350,0.265,-0.212
2012-12-18 09:55:00,0,0.615,1,1.087,1.087,2350,-0.123,-0.07
2012-12-19 09:55:00,0,0.175,0,-0.556,-0.556,2350,-0.381,0.087
2012-12-20 09:55:00,0,0.235,1,0.718,0.718,2350,-0.297,0.227
2012-12-21 09:55:00,1,0.905,1,0.123,0.123,2350,0.317,-0.018
2012-12-24 09:55:00,0,0.21,1,0.176,0.176,2350,-0.211,0.106
2012-12-26 09:55:00,0,0.63,0,-0.545,-0.545,2350,0.018,-0.316
2012-12-27 09:55:00,1,0.71,0,-0.124,-0.124,2350,-0.088,0.0
2012-12-28 09:55:00,1,0.74,0,-0.57,-0.57,2350,0.089,-0.106
2012-12-31 09:55:00,1,0.905,1,1.481,1.481,2350,0.376,0.018
2013-01-02 09:55:00,1,0.985,1,0.413,0.413,2350,0.346,1.226
2013-01-03 09:55:00,1,0.71,0,-0.034,-0.034,2350,-0.086,0.017
2013-01-04 09:55:00,1,0.81,1,0.206,0.206,2350,0.086,0.086
2013-01-07 09:55:00,1,0.71,1,0.172,0.172,2350,-0.086,-0.017
2013-01-08 09:55:00,1,0.76,1,0.017,0.017,2350,-0.103,0.207
2013-01-09 09:55:00,1,0.77,0,-0.154,-0.154,2350,0.206,-0.052
2013-01-10 09:55:00,1,0.765,1,0.291,0.291,2350,-0.051,0.017
2013-01-11 09:55:00,0,0.17,1,0.256,0.256,2350,-0.222,0.0
2013-01-14 09:55:00,0,0.145,1,0.222,0.222,2350,-0.222,-0.034
2013-01-15 09:55:00,1,0.805,1,0.394,0.394,2350,0.137,0.068
2013-01-16 09:55:00,1,0.745,1,0.154,0.154,2350,0.171,-0.102
2013-01-17 09:55:00,1,0.735,1,0.204,0.204,2350,-0.085,0.154
2013-01-18 09:55:00,1,0.685,1,0.305,0.305,2350,-0.085,-0.034
2013-01-21 09:55:00,1,0.775,1,0.101,0.101,2350,0.034,0.051
2013-01-22 09:55:00,1,0.765,1,0.456,0.456,2350,0.135,-0.051
2013-01-23 09:55:00,1,0.785,1,0.168,0.168,2350,0.034,0.067
2013-01-24 09:55:00,1,0.91,0,-0.234,-0.234,2350,0.285,0.067
2013-01-25 09:55:00,1,0.88,1,0.1,0.1,2350,0.084,0.352
2013-01-28 09:55:00,0,0.13,1,0.1,0.1,2350,-0.267,-0.067
2013-01-29 09:55:00,1,0.75,1,0.401,0.401,2350,0.234,-0.351
2013-01-30 09:55:00,1,0.86,0,-0.366,-0.366,2350,0.083,0.2
2013-01-31 09:55:00,1,0.87,0,-0.284,-0.284,2350,0.251,-0.05
2013-02-01 09:55:00,0,0.16,1,0.516,0.516,2350,-0.233,0.033
2013-02-04 09:55:00,1,0.735,0,-0.633,-0.633,2350,0.1,-0.149
2013-02-05 09:55:00,1,0.985,1,0.216,0.216,2350,0.25,0.318
2013-02-06 09:55:00,1,0.84,1,0.233,0.233,2350,0.317,-0.149
2013-02-07 09:55:00,1,0.78,0,-0.066,-0.066,2350,-0.116,0.266
2013-02-08 09:55:00,1,0.84,1,0.033,0.033,2350,0.381,-0.133
2013-02-11 09:55:00,1,0.745,1,0.083,0.083,2350,-0.099,0.182
2013-02-12 09:55:00,1,0.775,1,0.182,0.182,2350,-0.05,0.149
2013-02-13 09:55:00,1,0.8,0,-0.197,-0.197,2350,0.115,0.0
2013-02-14 09:55:00,1,0.65,1,0.33,0.33,2350,0.066,-0.313
2013-02-15 09:55:00,1,0.8,0,-0.197,-0.197,2350,0.115,0.016
2013-02-18 09:55:00,1,0.78,1,0.033,0.033,2450,-0.049,-0.099
2013-02-19 09:55:00,1,0.97,1,0.262,0.262,2450,0.28,0.132
2013-02-20 09:55:00,0,0.3,0,-1.049,-1.049,2450,-0.196,0.049
2013-02-21 09:55:00,0,0.01,0,-0.017,-0.017,2450,-0.316,-0.348
2013-02-22 09:55:00,0,0.355,1,0.548,0.548,2450,-0.182,0.033
2013-02-25 09:55:00,1,0.885,0,-2.382,-2.382,2450,0.049,0.346
2013-02-26 09:55:00,1,0.86,1,0.084,0.084,2450,0.033,0.151
2013-02-27 09:55:00,1,0.965,1,1.051,1.051,2450,0.402,0.101
2013-02-28 09:55:00,1,0.85,0,-0.428,-0.428,2450,0.082,0.0
2013-03-01 09:55:00,0,0.35,1,0.831,0.831,2450,-0.149,-0.083
2013-03-04 09:55:00,1,0.865,1,0.611,0.611,2450,0.05,0.149
2013-03-05 09:55:00,1,0.89,1,0.212,0.212,2450,0.212,0.197
2013-03-06 09:55:00,1,0.87,0,-0.178,-0.178,2450,-0.049,0.195
2013-03-07 09:55:00,1,0.875,1,0.016,0.016,2450,0.032,0.195
2013-03-08 09:55:00,0,0.405,1,0.26,0.26,2450,-0.162,0.292
2013-03-11 09:55:00,1,0.85,1,0.389,0.389,2450,0.065,0.0
2013-03-12 09:55:00,1,0.845,0,-0.161,-0.161,2450,0.032,-0.016
2013-03-13 09:55:00,0,0.275,1,0.194,0.194,2450,-0.161,-0.178
2013-03-14 09:55:00,1,0.88,1,0.08,0.08,2450,0.08,0.161
2013-03-15 09:55:00,0,0.1,1,0.258,0.258,2450,-0.402,-0.193
2013-03-18 09:55:00,1,0.895,1,0.097,0.097,2450,0.195,0.62
2013-03-19 09:55:00,1,0.785,0,-0.516,-0.516,2450,0.016,-0.097
2013-03-20 09:55:00,1,0.88,1,0.129,0.129,2450,-0.016,0.422
2013-03-21 09:55:00,1,0.79,0,-0.501,-0.501,2450,-0.048,-0.048
2013-03-22 09:55:00,1,0.87,1,0.388,0.388,2450,0.162,0.098
2013-03-25 09:55:00,1,0.87,0,-0.802,-0.802,2450,0.161,0.112
2013-03-26 09:55:00,1,0.96,1,0.193,0.193,2450,0.274,0.032
2013-03-27 09:55:00,0,0.64,1,0.549,0.549,2450,-0.065,-0.321
2013-03-28 09:55:00,1,0.875,1,0.289,0.289,2450,0.113,0.193
2013-04-01 09:55:00,1,0.84,0,-0.352,-0.352,2450,-0.032,0.0
2013-04-02 09:55:00,1,0.895,0,-0.048,-0.048,2450,0.16,0.434
2013-04-03 09:55:00,0,0.225,0,-0.785,-0.785,2450,-0.287,0.128
2013-04-04 09:55:00,1,0.985,0,-0.016,-0.016,2450,0.355,0.209
2013-04-05 09:55:00,1,0.76,1,0.831,0.831,2450,0.016,-0.129
2013-04-08 09:55:00,0,0.25,1,0.76,0.76,2450,-0.258,0.275
2013-04-09 09:55:00,0,0.21,1,0.45,0.45,2450,-0.384,0.0
2013-04-10 09:55:00,1,0.99,1,0.684,0.684,2450,0.367,0.304
2013-04-11 09:55:00,1,0.855,1,0.268,0.268,2450,0.0,0.047
2013-04-12 09:55:00,1,0.765,1,0.111,0.111,2450,0.0,-0.11
2013-04-15 09:55:00,1,0.735,0,-1.872,-1.872,2450,0.0,-0.19
2013-04-16 09:55:00,1,0.855,1,0.657,0.657,2450,0.048,0.032
2013-04-17 09:55:00,0,0.6,0,-0.595,-0.595,2450,-0.112,-0.287
2013-04-18 09:55:00,0,0.245,0,-0.324,-0.324,2450,-0.548,0.275
2013-04-19 09:55:00,1,0.87,1,0.617,0.617,2450,-0.049,0.162
2013-04-22 09:55:00,1,0.82,1,0.403,0.403,2450,-0.097,0.145
2013-04-23 09:55:00,1,0.965,1,0.383,0.383,2450,0.4,0.081
2013-04-24 09:55:00,1,0.87,0,-0.048,-0.048,2450,0.143,0.079
2013-04-25 09:55:00,1,0.865,1,0.111,0.111,2450,-0.079,0.175
2013-04-26 09:55:00,1,0.81,0,-0.158,-0.158,2450,0.19,-0.079
2013-04-29 09:55:00,1,0.89,1,0.411,0.411,2450,0.063,0.238
2013-04-30 09:55:00,0,0.16,1,0.553,0.553,2450,-0.283,-0.079
2013-05-01 09:55:00,0,0.325,0,-0.551,-0.551,2450,-0.189,0.141
2013-05-02 09:55:00,1,0.79,1,0.616,0.616,2450,-0.032,-0.063
2013-05-03 09:55:00,1,0.955,0,-0.031,-0.031,2450,0.312,0.016
2013-05-06 09:55:00,1,0.845,1,0.217,0.217,2450,0.0,0.016
2013-05-07 09:55:00,1,0.97,1,0.139,0.139,2450,0.232,0.155
2013-05-08 09:55:00,1,0.965,1,0.37,0.37,2450,0.309,0.077
2013-05-09 09:55:00,1,0.86,0,-0.322,-0.322,2450,0.154,0.015
2013-05-10 09:55:00,1,0.855,1,0.123,0.123,2450,0.108,0.077
2013-05-13 09:55:00,0,0.25,1,0.369,0.369,2450,-0.169,-0.185
2013-05-14 09:55:00,1,0.755,1,0.626,0.626,2450,0.368,-0.276
2013-05-15 09:55:00,1,0.85,1,0.577,0.577,2450,0.046,0.0
2013-05-16 09:55:00,1,0.905,0,-0.513,-0.513,2450,0.242,-0.06
2013-05-17 09:55:00,1,0.87,1,0.483,0.483,2450,0.121,0.076
2013-05-20 09:55:00,1,0.955,0,-0.015,-0.015,2450,0.271,0.015
2013-05-21 09:55:00,1,0.81,0,-0.105,-0.105,2450,0.165,-0.075
2013-05-22 09:55:00,1,0.87,0,-1.092,-1.092,2450,0.15,0.075
2013-05-23 09:55:00,0,0.085,1,0.779,0.779,2450,-0.198,-0.577
2013-05-24 09:55:00,0,0.04,1,0.611,0.611,2450,-0.228,-0.439
2013-05-27 09:55:00,1,0.65,1,0.364,0.364,2450,0.045,-0.439
2013-05-28 09:55:00,1,0.99,0,-0.704,-0.704,2450,0.3,0.347
2013-05-29 09:55:00,1,0.765,0,-0.046,-0.046,2450,0.076,-0.151
2013-05-30 09:55:00,1,0.96,0,-0.226,-0.226,2450,0.394,0.03
2013-05-31 09:55:00,1,0.755,0,-1.318,-1.318,2450,0.35,-0.68
2013-06-03 09:55:00,0,0.16,1,0.537,0.537,2450,-0.275,-0.046
2013-06-04 09:55:00,1,0.955,0,-0.822,-0.822,2450,0.259,0.0
2013-06-05 09:55:00,1,0.725,0,-1.077,-1.077,2450,-0.123,0.092
2013-06-06 09:55:00,1,0.86,1,0.621,0.621,2450,0.062,0.047
2013-06-07 09:55:00,1,0.86,1,0.597,0.597,2450,0.092,0.046
2013-06-10 09:55:00,0,0.39,0,-0.015,-0.015,2450,-0.182,0.228
2013-06-11 09:55:00,0,0.64,0,-0.077,-0.077,2450,-0.061,-0.595
2013-06-12 09:55:00,0,0.305,0,-1.256,-1.256,2450,-0.199,0.153
2013-06-13 09:55:00,1,0.885,1,1.378,1.378,2450,0.202,0.156
2013-06-14 09:55:00,1,0.905,0,-0.781,-0.781,2450,0.246,-0.061
2013-06-17 09:55:00,1,0.99,0,-0.229,-0.229,2450,0.353,0.43
2013-06-18 09:55:00,1,0.875,1,0.611,0.611,2450,0.107,0.168
2013-06-19 09:55:00,0,0.58,0,-1.187,-1.187,2450,-0.137,0.137
2013-06-20 09:55:00,0,0.07,0,-1.511,-1.511,2450,-0.202,-0.464
2013-06-21 09:55:00,1,0.845,0,0.0,0.0,2450,-0.094,0.283
2013-06-24 09:55:00,0,0.125,1,0.368,0.368,2450,-0.889,-0.159
2013-06-25 09:55:00,1,0.88,1,0.365,0.365,2450,0.016,0.687
2013-06-26 09:55:00,1,0.99,1,0.094,0.094,2450,0.283,0.729
2013-06-27 09:55:00,1,0.965,0,-0.217,-0.217,2450,0.311,0.047
2013-06-28 09:55:00,0,0.22,1,0.11,0.11,2450,-0.607,0.109
2013-07-01 09:55:00,1,0.99,0,-0.31,-0.31,2450,0.498,0.563
2013-07-02 09:55:00,1,0.905,0,-0.449,-0.449,2450,0.529,-0.047
2013-07-03 09:55:00,0,0.64,1,0.562,0.562,2450,-0.031,-0.327
2013-07-04 09:55:00,1,0.865,1,0.031,0.031,2450,0.077,0.124
2013-07-05 09:55:00,0,0.15,1,0.541,0.541,2450,-0.416,-0.092
2013-07-08 09:55:00,1,0.895,0,-0.137,-0.137,2450,0.138,0.568
2013-07-09 09:55:00,1,0.825,1,0.198,0.198,2550,-0.076,0.015
2013-07-10 09:55:00,1,0.835,0,-0.015,-0.015,2550,0.091,0.0
2013-07-11 09:55:00,1,0.715,1,0.376,0.376,2550,-0.03,-0.15
2013-07-12 09:55:00,1,0.86,1,0.18,0.18,2550,0.03,0.09
2013-07-15 09:55:00,1,0.73,1,0.194,0.194,2550,0.03,-0.149
2013-07-16 09:55:00,0,0.575,0,-0.224,-0.224,2550,-0.164,0.03
2013-07-17 09:55:00,0,0.525,0,-0.03,-0.03,2550,0.015,-0.314
2013-07-18 09:55:00,1,0.89,1,0.208,0.208,2550,0.119,0.239
2013-07-19 09:55:00,1,0.845,1,0.431,0.431,2550,0.074,0.134
2013-07-22 09:55:00,0,0.54,1,0.252,0.252,2550,-0.178,0.03
2013-07-23 09:55:00,1,0.745,0,-0.236,-0.236,2550,-0.03,-0.044
2013-07-24 09:55:00,0,0.35,0,-0.341,-0.341,2550,-0.354,0.133
2013-07-25 09:55:00,0,0.51,1,0.327,0.327,2550,0.194,-0.579
2013-07-26 09:55:00,0,0.605,1,0.447,0.447,2550,0.269,-0.43
2013-07-29 09:55:00,1,0.735,0,-0.178,-0.178,2550,0.074,-0.089
2013-07-30 09:55:00,0,0.51,0,-0.252,-0.252,2550,-0.133,-0.104
2013-07-31 09:55:00,1,0.84,0,-0.311,-0.311,2550,0.089,0.03
2013-08-01 09:55:00,1,0.885,1,0.339,0.339,2550,0.207,0.237
2013-08-02 09:55:00,1,0.71,1,0.412,0.412,2550,-0.044,-0.147
2013-08-05 09:55:00,1,0.86,1,0.059,0.059,2550,0.015,0.073
2013-08-06 09:55:00,0,0.585,0,-0.25,-0.25,2550,-0.162,0.103
2013-08-07 09:55:00,0,0.24,1,0.208,0.208,2550,-0.326,-0.074
2013-08-08 09:55:00,1,0.825,0,-0.015,-0.015,2550,-0.059,0.0
2013-08-09 09:55:00,0,0.605,0,-0.383,-0.383,2550,0.37,-0.31
2013-08-12 09:55:00,0,0.525,1,0.134,0.134,2550,0.223,-0.549
2013-08-13 09:55:00,0,0.525,1,0.282,0.282,2550,-0.192,0.222
2013-08-14 09:55:00,1,0.72,0,-0.503,-0.503,2550,0.163,-0.118
2013-08-15 09:55:00,0,0.34,0,-0.166,-0.166,2550,-0.494,-0.015
2013-08-16 09:55:00,1,0.895,0,-0.271,-0.271,2550,0.0,0.227
2013-08-19 09:55:00,1,0.88,0,-0.785,-0.785,2550,0.257,-0.03
2013-08-20 09:55:00,1,0.765,1,0.304,0.304,2550,-0.121,0.091
2013-08-21 09:55:00,0,0.63,0,-0.349,-0.349,2550,-0.015,-0.197
2013-08-22 09:55:00,1,0.975,1,0.364,0.364,2550,0.243,0.505
2013-08-23 09:55:00,1,0.73,1,0.257,0.257,2550,-0.015,-0.121
2013-08-26 09:55:00,0,0.52,0,-0.496,-0.496,2550,0.045,-0.24
2013-08-27 09:55:00,0,0.605,0,-0.883,-0.883,2550,0.259,-0.257
2013-08-28 09:55:00,1,0.725,1,0.245,0.245,2550,0.077,-0.138
2013-08-29 09:55:00,1,0.865,0,-0.031,-0.031,2550,0.076,0.153
2013-08-30 09:55:00,0,0.455,0,-0.352,-0.352,2550,-0.168,-0.167
2013-09-02 09:55:00,1,0.875,1,0.061,0.061,2550,-0.076,0.213
2013-09-03 09:55:00,0,0.525,0,-0.531,-0.531,2550,0.03,-0.319
2013-09-04 09:55:00,0,0.605,1,0.563,0.563,2550,0.336,-0.305
2013-09-05 09:55:00,1,0.72,0,-0.271,-0.271,2550,0.212,-0.151
2013-09-06 09:55:00,0,0.355,1,0.501,0.501,2550,-1.008,0.061
2013-09-09 09:55:00,1,0.815,1,0.391,0.391,2550,0.332,-0.106
2013-09-10 09:55:00,1,0.9,1,0.223,0.223,2550,0.03,0.314
2013-09-11 09:55:00,1,0.75,1,0.536,0.536,2550,-0.104,-0.03
2013-09-12 09:55:00,1,0.715,0,-0.252,-0.252,2550,-0.044,-0.133
2013-09-13 09:55:00,1,0.84,1,0.045,0.045,2550,0.045,0.015
2013-09-16 09:55:00,0,0.475,0,-0.251,-0.251,2550,-0.191,0.029
2013-09-17 09:55:00,1,0.83,1,0.177,0.177,2550,0.207,0.015
2013-09-18 09:55:00,1,0.835,1,1.222,1.222,2550,-0.044,0.044
2013-09-19 09:55:00,1,0.895,0,-0.363,-0.363,2550,0.0,0.291
2013-09-20 09:55:00,1,0.82,0,-0.685,-0.685,2550,-0.087,0.073
2013-09-23 09:55:00,0,0.44,0,-0.103,-0.103,2550,-0.176,-0.059
2013-09-24 09:55:00,1,0.74,0,-0.059,-0.059,2550,-0.074,-0.044
2013-09-25 09:55:00,0,0.4,0,-0.133,-0.133,2550,-0.222,0.015
2013-09-26 09:55:00,1,0.815,0,-0.162,-0.162,2550,0.281,-0.104
2013-09-27 09:55:00,0,0.115,1,0.119,0.119,2550,-0.208,-0.325
2013-09-30 09:55:00,1,0.735,1,0.254,0.254,2550,0.015,-0.104
2013-10-01 09:55:00,1,0.875,1,0.611,0.611,2550,-0.06,0.194
2013-10-02 09:55:00,0,0.515,1,0.506,0.506,2550,0.089,-0.489
2013-10-03 09:55:00,0,0.02,0,-0.402,-0.402,2550,-0.282,-0.253
2013-10-04 09:55:00,1,0.885,1,0.417,0.417,2550,0.164,0.345
2013-10-07 09:55:00,0,0.515,0,-0.164,-0.164,2550,0.075,-0.239
2013-10-08 09:55:00,1,0.74,0,-1.242,-1.242,2550,0.0,-0.09
2013-10-09 09:55:00,0,0.62,0,-0.03,-0.03,2550,-0.136,-0.015
2013-10-10 09:55:00,1,0.98,1,0.822,0.822,2550,0.435,0.362
2013-10-11 09:55:00,1,0.925,1,0.429,0.429,2550,0.386,-0.015
2013-10-14 09:55:00,1,0.925,1,0.873,0.873,2550,0.237,0.044
2013-10-15 09:55:00,0,0.615,0,-0.485,-0.485,2550,-0.147,0.147
2013-10-16 09:55:00,1,0.925,1,0.248,0.248,2550,0.514,-0.015
2013-10-17 09:55:00,1,0.73,1,0.935,0.935,2550,0.176,-0.073
2013-10-18 09:55:00,1,0.73,1,0.202,0.202,2550,0.159,-0.087
2013-10-21 09:55:00,1,0.72,0,-0.115,-0.115,2550,0.115,-0.144
2013-10-22 09:55:00,1,0.88,1,0.029,0.029,2550,0.344,-0.029
2013-10-23 09:55:00,0,0.2,1,0.216,0.216,2550,-0.316,-0.187
2013-10-24 09:55:00,0,0.56,1,0.23,0.23,2550,-0.129,-0.1
2013-10-25 09:55:00,1,0.885,1,0.2,0.2,2550,0.114,0.201
2013-10-28 09:55:00,1,0.725,1,0.171,0.171,2550,0.057,-0.142
2013-10-29 09:55:00,1,0.855,1,0.355,0.355,2550,0.057,0.071
2013-10-30 09:55:00,1,0.85,0,-0.523,-0.523,2550,-0.099,0.283
2013-10-31 09:55:00,0,0.595,0,-0.128,-0.128,2550,-0.171,0.2
2013-11-01 09:55:00,1,0.83,0,-0.085,-0.085,2550,0.157,0.0
2013-11-04 09:55:00,0,0.6,1,0.213,0.213,2550,-0.142,0.014
2013-11-05 09:55:00,0,0.225,1,0.271,0.271,2550,-0.171,-0.326
2013-11-06 09:55:00,1,0.93,0,-0.099,-0.099,2550,0.241,0.142
2013-11-07 09:55:00,0,0.24,0,-1.245,-1.245,2550,-0.282,-0.085
2013-11-08 09:55:00,1,0.845,1,1.304,1.304,2550,0.143,0.1
2013-11-11 09:55:00,1,0.87,0,-0.071,-0.071,2550,0.127,0.156
2013-11-12 09:55:00,0,0.51,0,-0.085,-0.085,2550,0.17,-0.226
2013-11-13 09:55:00,1,0.94,1,0.951,0.951,2550,0.342,0.114
2013-11-14 09:55:00,1,0.835,1,0.407,0.407,2550,-0.028,0.014
2013-11-15 09:55:00,1,0.84,1,0.265,0.265,2550,-0.042,0.098
2013-11-18 09:55:00,0,0.48,0,-0.237,-0.237,2550,-0.195,0.126
2013-11-19 09:55:00,0,0.52,0,-0.196,-0.196,2550,0.056,-0.223
2013-11-20 09:55:00,1,0.725,0,-0.503,-0.503,2550,-0.056,-0.084
2013-11-21 09:55:00,1,0.98,1,0.322,0.322,2550,0.266,0.352
2013-11-22 09:55:00,1,0.745,1,0.418,0.418,2550,0.028,-0.056
2013-11-25 09:55:00,0,0.485,0,-0.111,-0.111,2550,-0.194,0.069
2013-11-26 09:55:00,1,0.735,0,-0.028,-0.028,2650,0.0,-0.18
2013-11-27 09:55:00,1,0.87,0,0.0,0.0,2650,0.111,0.083
2013-11-28 09:55:00,1,0.85,0,-0.014,-0.014,2650,-0.055,0.152
2013-11-29 09:55:00,1,0.845,0,-0.262,-0.262,2650,0.124,0.0
2013-12-02 09:55:00,1,0.68,0,-0.153,-0.153,2650,-0.111,-0.083
2013-12-03 09:55:00,0,0.61,0,-0.209,-0.209,2650,0.209,-0.222
2013-12-04 09:55:00,1,0.76,1,0.21,0.21,2650,0.014,-0.056
2013-12-05 09:55:00,1,0.845,0,-0.21,-0.21,2650,-0.056,0.07
2013-12-06 09:55:00,1,0.865,1,0.208,0.208,2650,-0.042,0.14
2013-12-09 09:55:00,1,0.77,0,-0.138,-0.138,2650,0.18,-0.097
2013-12-10 09:55:00,1,0.845,0,-0.18,-0.18,2650,0.139,-0.014
2013-12-11 09:55:00,0,0.255,0,-0.918,-0.918,2650,-0.333,-0.014
2013-12-12 09:55:00,0,0.285,0,-0.155,-0.155,2650,-0.266,0.113
2013-12-13 09:55:00,0,0.31,1,0.028,0.028,2650,-0.226,0.099
2013-12-16 09:55:00,1,1.0,0,-0.266,-0.266,2650,0.394,0.852
2013-12-17 09:55:00,0,0.28,0,-0.197,-0.197,2650,-0.211,0.0
2013-12-18 09:55:00,1,0.87,1,1.576,1.576,2650,0.028,0.098
2013-12-19 09:55:00,1,0.91,1,0.181,0.181,2650,0.223,0.139
2013-12-20 09:55:00,1,0.945,1,0.124,0.124,2650,0.291,-0.014
2013-12-23 09:55:00,0,0.31,1,0.165,0.165,2650,-0.219,0.124
2013-12-24 09:55:00,1,0.865,1,0.425,0.425,2650,0.041,0.055
2013-12-26 09:55:00,1,0.865,1,0.273,0.273,2650,-0.082,0.302
2013-12-27 09:55:00,1,0.745,0,-0.109,-0.109,2650,0.041,-0.123
2013-12-30 09:55:00,1,0.835,1,0.041,0.041,2650,-0.082,0.068
2013-12-31 09:55:00,1,0.85,1,0.218,0.218,2650,0.027,0.041
2014-01-02 09:55:00,0,0.37,0,-0.355,-0.355,2650,-0.204,0.258
2014-01-03 09:55:00,1,0.895,0,-0.355,-0.355,2650,0.082,0.357
2014-01-06 09:55:00,0,0.47,0,-0.315,-0.315,2650,-0.15,0.082
2014-01-07 09:55:00,1,0.92,0,-0.041,-0.041,2650,0.205,0.288
2014-01-08 09:55:00,0,0.59,1,0.164,0.164,2650,-0.041,-0.205
2014-01-09 09:55:00,1,0.895,0,-0.231,-0.231,2650,0.054,0.286
2014-01-10 09:55:00,0,0.305,1,0.232,0.232,2650,-0.272,0.191
2014-01-13 09:55:00,1,0.84,0,-1.118,-1.118,2650,0.082,0.014
2014-01-14 09:55:00,1,0.84,1,0.839,0.839,2650,-0.082,0.096
2014-01-15 09:55:00,1,0.875,1,0.231,0.231,2650,0.123,0.123
2014-01-16 09:55:00,1,0.76,1,0.054,0.054,2650,0.068,-0.068
2014-01-17 09:55:00,1,0.815,0,-0.204,-0.204,2650,-0.109,0.163
2014-01-20 09:55:00,1,0.85,1,0.409,0.409,2650,0.027,0.041
2014-01-21 09:55:00,1,0.755,0,-0.217,-0.217,2650,0.027,-0.095
2014-01-22 09:55:00,0,0.58,1,0.041,0.041,2650,-0.041,-0.217
2014-01-23 09:55:00,0,0.305,0,-0.027,-0.027,2650,-0.232,0.055
2014-01-24 09:55:00,0,0.0,0,-1.354,-1.354,2650,-0.289,-0.699
2014-01-27 09:55:00,1,0.875,0,-0.741,-0.741,2650,0.0,0.154
2014-01-28 09:55:00,1,0.915,1,0.084,0.084,2650,0.168,0.295
2014-01-29 09:55:00,0,0.585,0,-0.366,-0.366,2650,-0.014,-0.417
2014-01-30 09:55:00,1,0.84,1,0.435,0.435,2650,0.014,0.014
2014-01-31 09:55:00,1,0.69,1,0.396,0.396,2650,0.269,-0.505
2014-02-03 09:55:00,0,0.15,0,-1.961,-1.961,2650,-0.267,-0.183
2014-02-04 09:55:00,1,0.84,1,0.129,0.129,2650,0.086,0.014
2014-02-05 09:55:00,0,0.615,1,0.33,0.33,2650,-0.129,0.086
2014-02-06 09:55:00,1,1.0,1,0.583,0.583,2650,0.615,0.43
2014-02-07 09:55:00,1,0.745,1,0.674,0.674,2650,0.028,-0.127
2014-02-10 09:55:00,0,0.585,1,0.167,0.167,2650,0.098,-0.251
2014-02-11 09:55:00,1,0.895,1,0.82,0.82,2650,0.153,0.181
2014-02-12 09:55:00,1,0.945,0,-0.37,-0.37,2650,0.427,0.014
2014-02-13 09:55:00,1,0.95,1,0.842,0.842,2650,0.235,0.028
2014-02-14 09:55:00,1,0.895,1,0.493,0.493,2650,0.082,0.206
2014-02-17 09:55:00,1,0.895,0,-0.163,-0.163,2650,-0.014,0.259
2014-02-18 09:55:00,0,0.585,1,0.109,0.109,2650,0.0,-0.313
2014-02-19 09:55:00,1,0.85,0,-0.775,-0.775,2650,0.368,-0.109
2014-02-20 09:55:00,0,0.49,1,0.658,0.658,2650,-0.15,0.192
2014-02-21 09:55:00,1,0.74,0,-0.38,-0.38,2650,0.15,-0.163
2014-02-24 09:55:00,1,0.955,0,-0.203,-0.203,2650,0.571,0.041
2014-02-25 09:55:00,0,0.175,1,0.19,0.19,2650,-0.258,-0.081
2014-02-26 09:55:00,0,0.17,1,0.109,0.109,2650,-0.379,-0.094
2014-02-27 09:55:00,0,0.585,1,0.638,0.638,2650,0.054,-0.65
2014-02-28 09:55:00,1,0.865,0,-0.027,-0.027,2650,0.364,-0.054
2014-03-03 09:55:00,1,0.82,0,-0.108,-0.108,2650,0.231,-0.122
2014-03-04 09:55:00,1,1.0,1,0.241,0.241,2650,0.295,0.445
2014-03-05 09:55:00,1,0.85,1,0.067,0.067,2650,-0.053,0.12
2014-03-06 09:55:00,1,0.975,0,-0.199,-0.199,2650,0.253,0.093
2014-03-07 09:55:00,0,0.16,0,0.0,0.0,2650,-0.464,-0.106
2014-03-10 09:55:00,1,0.895,1,0.027,0.027,2650,0.12,0.321
2014-03-11 09:55:00,0,0.2,0,-0.4,-0.4,2650,-0.24,-0.04
2014-03-12 09:55:00,1,0.76,1,0.525,0.525,2650,-0.067,-0.04
2014-03-13 09:55:00,1,0.835,0,-1.296,-1.296,2650,-0.04,-0.013
2014-03-14 09:55:00,1,0.885,0,-0.272,-0.272,2650,0.041,0.19
2014-03-17 09:55:00,1,1.0,0,-0.054,-0.054,2650,0.584,0.641
2014-03-18 09:55:00,0,0.61,1,0.269,0.269,2650,0.202,-0.216
2014-03-19 09:55:00,1,0.87,0,-0.643,-0.643,2650,0.0,0.134
2014-03-20 09:55:00,1,0.875,1,0.784,0.784,2650,0.149,0.108
2014-03-21 09:55:00,1,0.895,0,-0.788,-0.788,2650,0.053,0.254
2014-03-24 09:55:00,0,0.37,0,-0.471,-0.471,2650,-0.201,0.229
2014-03-25 09:55:00,1,0.88,0,-0.121,-0.121,2650,0.161,0.068
2014-03-26 09:55:00,1,0.79,0,-1.059,-1.059,2650,-0.094,0.04
2014-03-27 09:55:00,1,0.805,1,0.068,0.068,2650,-0.095,0.081
2014-03-28 09:55:00,1,0.975,0,-0.296,-0.296,2650,0.515,0.108
2014-03-31 09:55:00,1,0.835,0,-0.013,-0.013,2650,0.228,-0.04
2014-04-01 09:55:00,1,0.97,1,0.147,0.147,2650,0.308,0.067
2014-04-02 09:55:00,1,0.83,1,0.333,0.333,2650,-0.053,0.027
2014-04-03 09:55:00,1,0.91,0,-0.278,-0.278,2650,0.186,0.173
2014-04-04 09:55:00,0,0.265,0,-1.379,-1.379,2650,-0.304,0.04
2014-04-07 09:55:00,1,0.74,0,-0.916,-0.916,2650,0.04,-0.148
2014-04-08 09:55:00,0,0.565,1,0.476,0.476,2650,-0.082,-0.204
2014-04-09 09:55:00,0,0.505,1,0.988,0.988,2650,-0.135,0.176
2014-04-10 09:55:00,0,0.565,0,-1.973,-1.973,2650,-0.067,-0.308
2014-04-11 09:55:00,1,0.865,0,-0.659,-0.659,2650,0.069,0.055
2014-04-14 09:55:00,0,0.415,1,0.358,0.358,2650,-0.165,-0.014
2014-04-15 09:55:00,1,0.865,1,0.082,0.082,2650,0.369,-0.082
2014-04-16 09:55:00,1,0.715,1,0.583,0.583,2650,-0.122,0.108
2014-04-17 09:55:00,0,0.275,1,0.297,0.297,2750,-0.162,-0.095
2014-04-21 09:55:00,1,0.725,1,0.148,0.148,2750,0.188,-0.067
2014-04-22 09:55:00,1,0.955,1,0.107,0.107,2750,0.268,0.081
2014-04-23 09:55:00,1,0.69,0,-0.094,-0.094,2750,-0.067,-0.16
2014-04-24 09:55:00,0,0.26,1,0.187,0.187,2750,-0.545,0.107
2014-04-25 09:55:00,0,0.075,0,-0.295,-0.295,2750,-0.308,-0.12
2014-04-28 09:55:00,1,0.92,0,-0.04,-0.04,2750,0.067,0.309
2014-04-29 09:55:00,1,0.915,1,0.013,0.013,2750,0.067,0.174
2014-04-30 09:55:00,1,0.875,1,0.508,0.508,2750,-0.08,0.134
2014-05-01 09:55:00,1,0.875,1,0.12,0.12,2750,-0.08,0.093
2014-05-02 09:55:00,1,0.935,0,-0.319,-0.319,2750,0.253,0.053
2014-05-05 09:55:00,0,0.63,1,0.562,0.562,2750,0.094,-0.334
2014-05-06 09:55:00,1,0.83,0,-0.574,-0.574,2750,0.013,-0.013
2014-05-07 09:55:00,0,0.28,1,0.496,0.496,2750,-0.214,0.067
2014-05-08 09:55:00,1,0.91,0,-0.465,-0.465,2750,0.481,0.013
2014-05-09 09:55:00,0,0.075,1,0.509,0.509,2750,-0.307,-0.12
2014-05-12 09:55:00,1,0.935,1,0.238,0.238,2750,0.372,0.053
2014-05-13 09:55:00,1,0.83,0,-0.026,-0.026,2750,0.013,-0.013
2014-05-14 09:55:00,0,0.64,0,-0.33,-0.33,2750,0.013,-0.224
2014-05-15 09:55:00,0,0.075,0,-0.32,-0.32,2750,-0.452,-0.133
2014-05-16 09:55:00,1,0.695,1,0.388,0.388,2750,0.08,-0.12
2014-05-19 09:55:00,1,0.71,1,0.266,0.266,2750,0.361,-0.28
2014-05-20 09:55:00,0,0.1,0,-0.293,-0.293,2750,-0.306,-0.066
2014-05-21 09:55:00,1,0.985,1,0.239,0.239,2750,0.307,0.174
2014-05-22 09:55:00,1,0.69,1,0.106,0.106,2750,0.106,-0.172
2014-05-23 09:55:00,1,0.855,1,0.291,0.291,2750,0.079,0.053
2014-05-26 09:55:00,1,0.88,1,0.013,0.013,2750,-0.013,0.132
2014-05-27 09:55:00,1,0.89,1,0.223,0.223,2750,0.026,0.105
2014-05-28 09:55:00,1,0.865,0,-0.039,-0.039,2750,-0.026,0.065
2014-05-29 09:55:00,1,0.73,1,0.288,0.288,2750,0.026,-0.078
2014-05-30 09:55:00,1,0.855,1,0.235,0.235,2750,0.013,0.039
2014-06-02 09:55:00,0,0.375,1,0.169,0.169,2750,-0.143,-0.026
2014-06-03 09:55:00,1,0.72,1,0.091,0.091,2750,0.156,-0.052
2014-06-04 09:55:00,1,0.72,1,0.26,0.26,2750,0.156,-0.065
2014-06-05 09:55:00,1,0.655,1,0.597,0.597,2750,-0.117,0.013
2014-06-06 09:55:00,1,0.83,1,0.116,0.116,2750,0.142,-0.013
2014-06-09 09:55:00,1,0.805,1,0.013,0.013,2750,0.154,-0.026
2014-06-10 09:55:00,1,0.73,1,0.206,0.206,2750,0.026,-0.064
2014-06-11 09:55:00,0,0.63,0,0.0,0.0,2750,0.09,-0.269
2014-06-12 09:55:00,0,0.445,0,-0.516,-0.516,2750,-0.142,0.077
2014-06-13 09:55:00,0,0.625,1,0.26,0.26,2750,-0.026,-0.247
2014-06-16 09:55:00,1,0.8,0,0.0,0.0,2750,0.234,-0.091
2014-06-17 09:55:00,1,0.88,1,0.22,0.22,2750,0.221,0.052
2014-06-18 09:55:00,1,0.72,1,0.633,0.633,2750,0.103,-0.09
2014-06-19 09:55:00,1,0.74,1,0.064,0.064,2750,-0.038,-0.038
2014-06-20 09:55:00,1,0.88,1,0.064,0.064,2750,-0.013,0.141
2014-06-23 09:55:00,1,0.715,1,0.013,0.013,2750,-0.026,-0.089
2014-06-24 09:55:00,1,0.705,0,-0.474,-0.474,2750,0.026,-0.154
2014-06-25 09:55:00,1,0.885,1,0.334,0.334,2750,0.193,0.129
2014-06-26 09:55:00,0,0.125,1,0.528,0.528,2750,-0.5,-0.038
2014-06-27 09:55:00,1,0.81,1,0.295,0.295,2750,0.18,-0.026
2014-06-30 09:55:00,1,0.73,0,-0.026,-0.026,2750,0.077,-0.064
2014-07-01 09:55:00,1,0.875,1,0.293,0.293,2750,0.14,0.077
2014-07-02 09:55:00,1,0.85,1,0.064,0.064,2750,-0.038,0.038
2014-07-03 09:55:00,1,0.88,1,0.165,0.165,2750,0.013,0.14
2014-07-04 09:55:00,1,0.72,1,0.063,0.063,2750,0.013,-0.051
2014-07-07 09:55:00,1,0.715,0,-0.076,-0.076,2750,-0.038,-0.051
2014-07-08 09:55:00,0,0.11,0,-0.229,-0.229,2750,-0.241,-0.089
2014-07-09 09:55:00,0,0.6,1,0.332,0.332,2750,-0.102,-0.051
2014-07-10 09:55:00,0,0.63,1,0.475,0.475,2750,0.141,-0.712
2014-07-11 09:55:00,1,0.905,1,0.281,0.281,2750,-0.077,0.191
2014-07-14 09:55:00,1,0.915,0,-0.025,-0.025,2750,0.051,0.178
2014-07-15 09:55:00,1,0.69,0,-0.241,-0.241,2750,-0.025,-0.14
2014-07-16 09:55:00,1,0.74,1,0.038,0.038,2750,-0.114,0.292
2014-07-17 09:55:00,1,0.78,0,-1.089,-1.089,2750,0.33,-0.114
2014-07-18 09:55:00,1,0.88,1,0.664,0.664,2750,0.179,0.077
2014-07-21 09:55:00,1,0.715,1,0.076,0.076,2750,-0.025,-0.063
2014-07-22 09:55:00,1,0.88,1,0.051,0.051,2750,0.089,0.14
2014-07-23 09:55:00,1,0.905,1,0.177,0.177,2750,-0.051,0.203
2014-07-24 09:55:00,0,0.465,1,0.013,0.013,2750,-0.164,0.227
2014-07-25 09:55:00,0,0.6,0,-0.19,-0.19,2750,-0.088,-0.101
2014-07-28 09:55:00,0,0.255,1,0.305,0.305,2750,-0.329,0.076
2014-07-29 09:55:00,1,0.72,0,-0.62,-0.62,2750,0.076,-0.101
2014-07-30 09:55:00,0,0.265,0,-0.102,-0.102,2750,-0.228,0.038
2014-07-31 09:55:00,0,0.51,0,-1.181,-1.181,2750,-0.103,-0.522
2014-08-01 09:55:00,1,0.71,0,-0.467,-0.467,2750,0.325,-0.894
2014-08-04 09:55:00,1,0.84,1,0.481,0.481,2750,0.039,-0.013
2014-08-05 09:55:00,1,0.695,0,-0.455,-0.455,2750,-0.117,0.065
2014-08-06 09:55:00,1,0.71,1,0.157,0.157,2750,0.328,-0.261
2014-08-07 09:55:00,1,0.89,0,-0.885,-0.885,2750,0.065,0.104
2014-08-08 09:55:00,0,0.405,1,1.022,1.022,2750,-0.183,0.158
2014-08-11 09:55:00,1,0.88,0,-0.194,-0.194,2750,0.155,0.13
2014-08-12 09:55:00,1,0.89,0,-0.233,-0.233,2750,0.052,0.116
2014-08-13 09:55:00,1,0.795,1,0.426,0.426,2750,-0.09,0.194
2014-08-14 09:55:00,1,0.72,1,0.27,0.27,2750,0.116,-0.077
2014-08-15 09:55:00,1,0.92,0,-0.37,-0.37,2750,0.064,0.294
2014-08-18 09:55:00,1,0.87,1,0.14,0.14,2750,0.089,0.064
2014-08-19 09:55:00,1,0.83,1,0.203,0.203,2750,0.114,0.0
2014-08-20 09:55:00,1,0.72,1,0.291,0.291,2750,0.101,-0.063
2014-08-21 09:55:00,1,0.915,1,0.075,0.075,2750,0.05,0.176
2014-08-22 09:55:00,1,0.7,0,-0.075,-0.075,2750,-0.013,-0.113
2014-08-25 09:55:00,1,0.725,0,-0.038,-0.038,2750,0.025,-0.088
2014-08-26 09:55:00,1,0.845,0,-0.075,-0.075,2750,0.1,0.025
2014-08-27 09:55:00,1,0.84,1,0.038,0.038,2750,-0.063,0.025
2014-08-28 09:55:00,0,0.63,1,0.176,0.176,2750,0.1,-0.288
2014-08-29 09:55:00,0,0.485,1,0.276,0.276,2750,-0.138,0.1
2014-09-01 09:55:00,1,0.73,1,0.063,0.063,2750,0.038,-0.075
2014-09-02 09:55:00,1,0.85,0,-0.05,-0.05,2750,-0.075,0.05
2014-09-03 09:55:00,1,0.905,0,-0.312,-0.312,2750,-0.075,0.2
2014-09-04 09:55:00,1,0.885,0,-0.536,-0.536,2750,0.187,0.113
2014-09-05 09:55:00,0,0.57,1,0.489,0.489,2850,0.088,-0.2
2014-09-08 09:55:00,1,0.68,0,-0.224,-0.224,2850,0.125,-0.075
2014-09-09 09:55:00,0,0.33,0,-0.226,-0.226,2850,-0.388,0.138
2014-09-10 09:55:00,0,0.46,1,0.542,0.542,2850,-0.176,0.239
2014-09-11 09:55:00,1,0.77,1,0.213,0.213,2850,0.327,-0.075
2014-09-12 09:55:00,0,0.14,0,-0.202,-0.202,2850,-0.34,-0.075
2014-09-15 09:55:00,0,0.37,1,0.19,0.19,2850,-0.228,0.14
2014-09-16 09:55:00,1,0.77,1,0.632,0.632,2850,0.266,-0.063
2014-09-17 09:55:00,1,0.835,0,-0.088,-0.088,2850,0.163,0.075
2014-09-18 09:55:00,1,0.9,1,0.175,0.175,2850,0.075,0.351
2014-09-19 09:55:00,1,0.68,0,-0.348,-0.348,2850,-0.062,-0.05
2014-09-22 09:55:00,1,0.71,0,-0.414,-0.414,2850,-0.113,0.038
2014-09-23 09:55:00,0,0.57,0,-0.529,-0.529,2850,0.227,-0.352
2014-09-24 09:55:00,1,0.74,1,0.861,0.861,2850,-0.063,-0.025
2014-09-25 09:55:00,0,0.17,0,-0.886,-0.886,2850,-0.491,-0.038
2014-09-26 09:55:00,1,0.795,1,0.624,0.624,2850,0.089,0.051
2014-09-29 09:55:00,1,0.68,1,0.484,0.484,2850,0.192,-0.063
2014-09-30 09:55:00,0,0.36,0,-0.089,-0.089,2850,-0.367,0.305
2014-10-01 09:55:00,0,0.26,0,-0.743,-0.743,2850,-0.421,0.064
2014-10-02 09:55:00,0,0.64,0,-0.052,-0.052,2850,0.0,-0.116
2014-10-03 09:55:00,1,0.83,1,0.243,0.243,2850,0.372,0.0
2014-10-06 09:55:00,1,0.71,0,-0.534,-0.534,2850,0.0,-0.038
2014-10-07 09:55:00,0,0.01,0,-0.925,-0.925,2850,-0.371,-0.256
2014-10-08 09:55:00,0,0.59,1,1.764,1.764,2850,-0.104,-0.104
2014-10-09 09:55:00,0,0.36,0,-1.588,-1.588,2850,-0.319,0.268
2014-10-10 09:55:00,0,0.55,0,-1.337,-1.337,2850,0.039,-0.26
2014-10-13 09:55:00,0,0.36,0,-1.438,-1.438,2850,-0.342,0.583
2014-10-14 09:55:00,0,0.06,0,-0.053,-0.053,2850,-0.213,-0.347
2014-10-15 09:55:00,0,0.55,1,0.216,0.216,2850,0.095,-0.24
2014-10-16 09:55:00,0,0.64,1,0.623,0.623,2850,1.193,-1.283
2014-10-17 09:55:00,1,0.9,1,0.2,0.2,2850,0.12,0.97
2014-10-20 09:55:00,0,0.635,1,0.743,0.743,2850,0.253,-0.317
2014-10-21 09:55:00,1,0.9,1,1.018,1.018,2850,0.144,0.647
2014-10-22 09:55:00,0,0.55,0,-0.992,-0.992,2850,0.039,-0.335
2014-10-23 09:55:00,1,0.85,1,0.271,0.271,2850,-0.09,0.428
2014-10-24 09:55:00,1,0.87,1,0.655,0.655,2850,0.116,0.142
2014-10-27 09:55:00,0,0.115,1,0.359,0.359,2850,-0.179,-0.217
2014-10-28 09:55:00,1,0.9,1,0.687,0.687,2850,0.076,0.383
2014-10-29 09:55:00,1,0.97,0,-0.479,-0.479,2850,0.354,0.164
2014-10-30 09:55:00,0,0.64,1,0.939,0.939,2850,0.267,-0.292
2014-10-31 09:55:00,0,0.355,1,0.337,0.337,2850,-0.286,0.224
2014-11-03 09:55:00,1,0.745,0,-0.062,-0.062,2850,0.087,0.012
2014-11-04 09:55:00,1,0.71,0,-0.112,-0.112,2850,0.075,-0.037
2014-11-05 09:55:00,0,0.26,1,0.223,0.223,2850,-0.223,0.025
2014-11-06 09:55:00,0,0.31,1,0.459,0.459,2850,-0.333,0.087
2014-11-07 09:55:00,0,0.01,1,0.235,0.235,2850,-0.296,-0.283
2014-11-10 09:55:00,1,0.74,1,0.308,0.308,2850,0.0,-0.012
2014-11-11 09:55:00,0,0.47,1,0.16,0.16,2850,-0.135,-0.012
2014-11-12 09:55:00,1,0.67,1,0.16,0.16,2850,0.148,-0.098
2014-11-13 09:55:00,1,0.755,0,-0.196,-0.196,2850,0.184,0.037
2014-11-14 09:55:00,1,0.79,1,0.049,0.049,2850,0.025,0.049
2014-11-17 09:55:00,1,0.89,1,0.16,0.16,2850,0.074,0.197
2014-11-18 09:55:00,1,0.73,1,0.195,0.195,2850,0.368,-0.159
2014-11-19 09:55:00,0,0.435,1,0.159,0.159,2850,-0.147,-0.024
2014-11-20 09:55:00,0,0.64,1,0.379,0.379,2850,0.307,-0.306
2014-11-21 09:55:00,1,0.9,0,-0.35,-0.35,2850,0.0,0.45
2014-11-24 09:55:00,1,0.83,1,0.133,0.133,2850,-0.121,0.255
2014-11-25 09:55:00,1,0.87,0,-0.133,-0.133,2850,-0.072,0.133
2014-11-26 09:55:00,1,0.68,1,0.169,0.169,2850,0.048,-0.06
2014-11-27 09:55:00,0,0.64,0,0.0,0.0,2850,-0.012,-0.145
2014-11-28 09:55:00,0,0.55,0,-0.555,-0.555,2850,0.024,-0.277
2014-12-01 09:55:00,0,0.14,1,0.049,0.049,2850,-0.292,-0.049
2014-12-02 09:55:00,0,0.64,1,0.389,0.389,2850,0.122,-0.109
2014-12-03 09:55:00,1,0.685,1,0.181,0.181,2850,0.206,-0.061
2014-12-04 09:55:00,1,0.755,1,0.109,0.109,2850,0.097,0.036
2014-12-05 09:55:00,1,0.87,0,-0.012,-0.012,2850,0.133,0.145
2014-12-08 09:55:00,0,0.555,0,-0.615,-0.615,2850,0.217,-0.277
2014-12-09 09:55:00,1,0.68,1,0.709,0.709,2850,0.122,-0.061
2014-12-10 09:55:00,0,0.135,0,-1.062,-1.062,2850,-0.268,-0.097
2014-12-11 09:55:00,1,0.955,0,-0.525,-0.525,2850,0.553,0.099
2014-12-12 09:55:00,0,0.64,0,-1.42,-1.42,2850,0.546,-0.384
2014-12-15 09:55:00,1,0.99,0,-1.32,-1.32,2850,0.3,0.451
2014-12-16 09:55:00,1,0.89,0,-0.506,-0.506,2850,0.152,0.201
2014-12-17 09:55:00,1,0.97,1,1.325,1.325,2850,0.405,0.177
2014-12-18 09:55:00,1,0.9,1,0.908,0.908,2850,0.147,1.245
2014-12-19 09:55:00,0,0.635,1,0.23,0.23,2850,0.061,-0.193
2014-12-22 09:55:00,1,0.88,1,0.205,0.205,2850,-0.072,0.181
2014-12-23 09:55:00,0,0.495,0,-0.084,-0.084,2850,-0.132,-0.072
2014-12-24 09:55:00,1,0.79,1,0.096,0.096,2850,0.0,0.048
2014-12-26 09:55:00,1,0.745,0,-0.168,-0.168,2850,0.204,-0.012
2014-12-29 09:55:00,0,0.64,0,-0.048,-0.048,2850,0.264,-0.336
2014-12-30 09:55:00,0,0.645,0,-0.264,-0.264,2850,0.012,-0.168
2014-12-31 09:55:00,0,0.4,0,-1.156,-1.156,2850,-0.156,-0.036
2015-01-02 09:55:00,0,0.64,0,-0.57,-0.57,2850,0.036,-0.157
2015-01-05 09:55:00,0,0.1,0,-0.678,-0.678,2850,-0.43,-0.135
2015-01-06 09:55:00,1,0.67,0,-1.091,-1.091,2850,0.074,-0.087
2015-01-07 09:55:00,1,0.99,1,0.174,0.174,2850,0.299,0.375
2015-01-08 09:55:00,1,0.83,1,0.562,0.562,2850,0.442,-0.025
2015-01-09 09:55:00,0,0.215,0,-0.428,-0.428,2850,-0.51,0.024
2015-01-12 09:55:00,0,0.36,1,0.136,0.136,2850,-0.944,0.553
2015-01-13 09:55:00,1,0.98,0,-1.622,-1.622,2850,0.886,0.198
2015-01-14 09:55:00,1,0.985,1,0.401,0.401,2850,0.238,0.663
2015-01-15 09:55:00,0,0.01,0,-0.464,-0.464,2850,-0.894,-1.383
2015-01-16 09:55:00,1,0.86,1,1.335,1.335,2850,0.063,0.088
2015-01-19 09:55:00,0,0.64,0,-0.062,-0.062,2850,0.286,-0.224
2015-01-20 09:55:00,0,0.295,1,0.498,0.498,2850,-0.779,0.074
2015-01-21 09:55:00,1,0.83,1,0.458,0.458,2850,0.348,-0.012
2015-01-22 09:55:00,0,0.14,1,1.58,1.58,2850,-0.613,-0.074
2015-01-23 09:55:00,1,0.795,0,-0.292,-0.292,2850,-0.097,0.085
2015-01-26 09:55:00,0,0.34,1,0.564,0.564,2850,-0.318,0.172
2015-01-27 09:55:00,0,0.1,0,-0.062,-0.062,2950,-0.222,-0.39
2015-01-28 09:55:00,0,0.33,0,-1.796,-1.796,2950,-0.123,-0.6
2015-01-29 09:55:00,0,0.565,1,1.091,1.091,2950,-0.213,0.201
2015-01-30 09:55:00,0,0.53,0,-0.872,-0.872,2950,0.488,-0.546
2015-02-02 09:55:00,0,0.18,1,1.474,1.474,2950,-0.301,-0.063
2015-02-03 09:55:00,1,0.995,1,0.479,0.479,2950,0.494,0.398
2015-02-04 09:55:00,0,0.575,0,-0.123,-0.123,2950,0.147,-0.147
2015-02-05 09:55:00,1,0.94,1,0.415,0.415,2950,0.22,0.84
2015-02-06 09:55:00,1,0.865,0,-0.485,-0.485,2950,-0.036,0.049
2015-02-09 09:55:00,1,0.675,0,-0.378,-0.378,2950,0.318,-0.086
2015-02-10 09:55:00,0,0.18,1,0.708,0.708,2950,-0.316,-0.061
2015-02-11 09:55:00,1,0.835,1,0.024,0.024,2950,0.255,-0.012
2015-02-12 09:55:00,1,0.94,1,0.349,0.349,2950,0.181,0.533
2015-02-13 09:55:00,1,0.935,1,0.191,0.191,2950,0.048,0.144
2015-02-16 09:55:00,1,0.68,0,-0.311,-0.311,2950,0.036,-0.036
2015-02-17 09:55:00,1,0.935,1,0.335,0.335,2950,-0.036,0.312
2015-02-18 09:55:00,0,0.645,1,0.191,0.191,2950,0.012,-0.06
2015-02-19 09:55:00,0,0.645,1,0.191,0.191,2950,0.0,-0.048
2015-02-20 09:55:00,0,0.39,1,1.152,1.152,2950,-0.371,0.036
2015-02-23 09:55:00,0,0.57,1,0.214,0.214,2950,-0.036,-0.166
2015-02-24 09:55:00,1,0.675,1,0.332,0.332,2950,-0.012,-0.036
2015-02-25 09:55:00,0,0.645,1,0.059,0.059,2950,-0.083,-0.071
2015-02-26 09:55:00,0,0.4,1,0.226,0.226,2950,-0.261,0.047
2015-02-27 09:55:00,0,0.645,0,-0.166,-0.166,2950,-0.071,-0.047
2015-03-02 09:55:00,1,0.915,1,0.368,0.368,2950,0.309,0.036
2015-03-03 09:55:00,0,0.395,1,0.107,0.107,2950,-0.249,0.036
2015-03-04 09:55:00,0,0.005,1,0.287,0.287,2950,-0.369,-0.297
2015-03-05 09:55:00,1,0.675,0,-0.048,-0.048,2950,-0.024,-0.036
2015-03-06 09:55:00,1,0.775,0,-1.135,-1.135,2950,0.012,-0.012
2015-03-09 09:55:00,0,0.62,1,0.193,0.193,2950,0.048,-0.085
2015-03-10 09:55:00,0,0.37,0,-0.656,-0.656,2950,-0.121,-0.265
2015-03-11 09:55:00,1,0.935,0,-0.366,-0.366,2950,-0.073,0.171
2015-03-12 09:55:00,1,0.85,1,0.438,0.438,2950,0.28,0.012
2015-03-13 09:55:00,0,0.615,0,-0.317,-0.317,2950,-0.061,-0.097
2015-03-16 09:55:00,1,0.995,1,0.497,0.497,2950,0.45,0.33
2015-03-17 09:55:00,0,0.575,1,0.194,0.194,2950,-0.109,-0.036
2015-03-18 09:55:00,0,0.6,1,1.64,1.64,2950,-0.085,-0.073
2015-03-19 09:55:00,0,0.47,0,-0.252,-0.252,2950,0.0,-0.358
2015-03-20 09:55:00,1,0.93,1,0.298,0.298,2950,-0.06,0.108
2015-03-23 09:55:00,0,0.49,0,-0.333,-0.333,2950,0.226,-0.321
2015-03-24 09:55:00,1,0.845,0,-0.573,-0.573,2950,-0.107,0.167
2015-03-25 09:55:00,0,0.485,0,-1.358,-1.358,2950,-0.24,0.156
2015-03-26 09:55:00,0,0.47,1,0.245,0.245,2950,-0.012,-0.791
2015-03-27 09:55:00,0,0.475,1,0.061,0.061,2950,0.208,-0.572
2015-03-30 09:55:00,1,0.995,1,0.157,0.157,2950,0.606,0.377
2015-03-31 09:55:00,0,0.475,0,-0.423,-0.423,2950,0.109,-0.278
2015-04-01 09:55:00,0,0.47,1,0.453,0.453,2950,-0.548,0.672
2015-04-02 09:55:00,0,0.585,0,-0.194,-0.194,2950,0.61,-0.207
2015-04-06 09:55:00,1,0.705,1,0.655,0.655,2950,0.709,-0.073
2015-04-07 09:55:00,1,0.65,0,-0.385,-0.385,2950,0.06,-0.072
2015-04-08 09:55:00,1,0.99,0,-0.192,-0.192,2950,0.447,0.121
2015-04-09 09:55:00,0,0.575,1,0.458,0.458,2950,0.109,-0.157
2015-04-10 09:55:00,1,0.775,1,0.395,0.395,2950,-0.012,-0.012
2015-04-13 09:55:00,1,0.91,0,-0.655,-0.655,2950,0.383,0.024
2015-04-14 09:55:00,0,0.37,1,0.36,0.36,2950,-0.12,-0.359
2015-04-15 09:55:00,1,0.935,0,0.0,0.0,2950,0.155,0.275
2015-04-16 09:55:00,0,0.475,1,0.167,0.167,2950,0.203,-0.25
2015-04-17 09:55:00,0,0.105,0,-0.241,-0.241,2950,-0.419,-0.167
2015-04-20 09:55:00,1,0.995,1,0.036,0.036,2950,0.276,0.204
2015-04-21 09:55:00,0,0.48,0,-0.215,-0.215,2950,-0.238,0.143
2015-04-22 09:55:00,0,0.375,1,0.55,0.55,2950,-0.108,-0.382
2015-04-23 09:55:00,0,0.63,1,0.298,0.298,2950,0.286,-0.131
2015-04-24 09:55:00,1,0.935,1,0.059,0.059,2950,-0.036,0.238
2015-04-27 09:55:00,1,0.875,0,-0.732,-0.732,2950,0.083,0.059
2015-04-28 09:55:00,0,0.575,1,0.381,0.381,2950,0.036,-0.143
2015-04-29 09:55:00,1,0.865,0,-0.143,-0.143,2950,0.191,0.047
2015-04-30 09:55:00,0,0.005,0,-0.431,-0.431,2950,-0.406,-0.262
2015-05-01 09:55:00,1,0.795,1,0.562,0.562,2950,0.156,0.012
2015-05-04 09:55:00,1,0.99,0,-0.248,-0.248,2950,0.285,0.262
2015-05-05 09:55:00,1,0.86,0,-0.845,-0.845,2950,-0.059,0.047
2015-05-06 09:55:00,0,0.405,0,-0.168,-0.168,2950,-0.515,0.06
2015-05-07 09:55:00,0,0.475,1,0.604,0.604,2950,0.048,-0.578
2015-05-08 09:55:00,1,0.68,1,0.142,0.142,2950,0.202,-0.036
2015-05-11 09:55:00,0,0.575,0,-0.509,-0.509,2950,0.095,-0.13
2015-05-12 09:55:00,0,0.21,1,0.456,0.456,2950,-0.156,-0.774
2015-05-13 09:55:00,1,0.935,0,-0.369,-0.369,2950,0.191,0.107
2015-05-14 09:55:00,1,0.935,1,0.534,0.534,2950,-0.059,0.346
2015-05-15 09:55:00,1,0.835,1,0.094,0.094,2950,-0.118,0.224
2015-05-18 09:55:00,1,0.795,1,0.236,0.236,2950,0.201,0.012
2015-05-19 09:55:00,1,0.675,0,-0.024,-0.024,2950,-0.164,0.188
2015-05-20 09:55:00,0,0.185,1,0.13,0.13,2950,-0.247,-0.082
2015-05-21 09:55:00,1,0.65,1,0.283,0.283,2950,0.142,-0.059
2015-05-22 09:55:00,0,0.575,0,-0.106,-0.106,2950,0.071,-0.141
2015-05-25 09:55:00,0,0.475,0,-0.071,-0.071,2950,0.071,-0.306
2015-05-26 09:55:00,0,0.065,0,-0.391,-0.391,2950,-0.401,-0.2
2015-05-27 09:55:00,1,0.995,1,0.402,0.402,2950,0.273,0.166
2015-05-28 09:55:00,0,0.59,1,0.284,0.284,2950,-0.165,0.024
2015-05-29 09:55:00,0,0.57,0,-0.461,-0.461,2950,-0.059,-0.177
2015-06-01 09:55:00,0,0.02,1,0.131,0.131,2950,-0.237,-0.32
2015-06-02 09:55:00,0,0.185,1,0.286,0.286,2950,-0.178,-0.486
2015-06-03 09:55:00,1,0.93,1,0.012,0.012,2950,-0.047,0.095
2015-06-04 09:55:00,0,0.475,0,-0.558,-0.558,2950,0.036,-0.414
2015-06-05 09:55:00,0,0.58,1,0.06,0.06,2950,-0.108,-0.036
2015-06-08 09:55:00,0,0.6,0,-0.395,-0.395,2950,-0.084,-0.06
2015-06-09 09:55:00,0,0.21,1,0.229,0.229,2950,-0.157,-0.445
2015-06-10 09:55:00,1,0.995,1,0.514,0.514,2950,0.3,0.24
2015-06-11 09:55:00,1,0.785,0,-0.154,-0.154,2950,0.202,0.0
2015-06-12 09:55:00,0,0.555,0,-0.203,-0.203,2950,-0.191,0.072
2015-06-15 09:55:00,0,0.175,1,0.484,0.484,2950,-0.29,-0.084
2015-06-16 09:55:00,0,0.53,1,0.421,0.421,2950,0.338,-0.374
2015-06-17 09:55:00,1,0.92,0,-0.036,-0.036,3050,0.036,0.179
2015-06-18 09:55:00,1,0.995,1,0.44,0.44,3050,0.442,0.444
2015-06-19 09:55:00,0,0.6,0,-0.45,-0.45,3050,-0.201,0.142
2015-06-22 09:55:00,1,0.995,0,-0.083,-0.083,3050,0.237,0.344
2015-06-23 09:55:00,0,0.485,0,-0.106,-0.106,3050,0.154,-0.165
2015-06-24 09:55:00,0,0.37,0,-0.627,-0.627,3050,0.083,-0.284
2015-06-25 09:55:00,1,0.675,0,-0.476,-0.476,3050,-0.166,0.178
2015-06-26 09:55:00,1,0.715,0,-0.226,-0.226,3050,0.024,-0.06
2015-06-29 09:55:00,1,0.93,0,-1.396,-1.396,3050,0.169,0.339
2015-06-30 09:55:00,0,0.57,0,-0.134,-0.134,3050,-0.484,0.438
2015-07-01 09:55:00,1,0.935,0,-0.145,-0.145,3050,0.097,0.388
2015-07-02 09:55:00,1,0.66,0,-0.289,-0.289,3050,-0.181,0.205
2015-07-03 09:55:00,0,0.255,0,-1.041,-1.041,3050,-0.157,-0.109
2015-07-06 09:55:00,1,0.995,1,0.158,0.158,3050,0.292,0.587
2015-07-07 09:55:00,0,0.425,1,1.01,1.01,3050,-0.653,0.012
2015-07-08 09:55:00,0,0.07,0,-0.73,-0.73,3050,-0.231,-0.243
2015-07-09 09:55:00,1,0.93,0,-0.933,-0.933,3050,-0.012,0.219
2015-07-10 09:55:00,0,0.39,1,0.279,0.279,3050,-0.242,-0.036
2015-07-13 09:55:00,1,0.995,1,0.216,0.216,3050,0.276,0.944
2015-07-14 09:55:00,1,0.835,1,0.227,0.227,3050,0.287,-0.024
2015-07-15 09:55:00,1,0.775,0,-0.095,-0.095,3050,0.036,-0.024
2015-07-16 09:55:00,1,0.775,1,0.166,0.166,3050,-0.012,0.0
2015-07-17 09:55:00,1,0.68,1,0.165,0.165,3050,-0.106,-0.035
2015-07-20 09:55:00,1,0.79,1,0.118,0.118,3050,-0.118,0.106
2015-07-21 09:55:00,0,0.49,0,-0.448,-0.448,3050,0.118,-0.129
2015-07-22 09:55:00,1,0.89,0,-0.13,-0.13,3050,0.297,0.024
2015-07-23 09:55:00,0,0.64,0,-0.475,-0.475,3050,-0.095,-0.047
2015-07-24 09:55:00,1,0.9,0,-1.038,-1.038,3050,-0.06,0.155
2015-07-27 09:55:00,0,0.14,0,-0.085,-0.085,3050,-0.145,-0.337
2015-07-28 09:55:00,0,0.615,1,0.846,0.846,3050,-0.217,0.217
2015-07-29 09:55:00,1,0.93,1,0.538,0.538,3050,0.156,0.3
2015-07-30 09:55:00,0,0.49,1,0.586,0.586,3050,-0.286,0.06
2015-07-31 09:55:00,0,0.125,0,-0.06,-0.06,3050,-0.344,-0.143
2015-08-03 09:55:00,1,0.79,0,-0.25,-0.25,3050,-0.024,0.012
2015-08-04 09:55:00,1,0.675,0,-0.239,-0.239,3050,0.036,-0.084
2015-08-05 09:55:00,1,0.925,0,-0.404,-0.404,3050,0.214,0.228
2015-08-06 09:55:00,0,0.49,0,-0.407,-0.407,3050,-0.406,0.06
2015-08-07 09:55:00,0,0.03,0,-0.157,-0.157,3050,-0.312,-0.228
2015-08-10 09:55:00,0,0.645,1,0.346,0.346,3050,0.252,-0.096
2015-08-11 09:55:00,0,0.49,0,-0.168,-0.168,3050,0.096,-0.179
2015-08-12 09:55:00,0,0.005,1,1.141,1.141,3050,-0.315,-0.58
2015-08-13 09:55:00,0,0.4,1,0.12,0.12,3050,-0.228,-0.072
2015-08-14 09:55:00,0,0.475,1,0.204,0.204,3050,0.301,-0.216
2015-08-17 09:55:00,0,0.48,1,1.071,1.071,3050,-0.192,0.0
2015-08-18 09:55:00,0,0.38,0,-0.107,-0.107,3050,-0.072,-0.226
2015-08-19 09:55:00,0,0.35,1,0.024,0.024,3050,-0.539,-0.06
2015-08-20 09:55:00,0,0.005,0,-1.155,-1.155,3050,-0.303,-0.627
2015-08-21 09:55:00,0,0.63,0,-2.32,-2.32,3050,-0.198,0.409
2015-08-24 09:55:00,0,0.57,0,-0.225,-0.225,3050,-0.382,0.624
2015-08-25 09:55:00,1,0.925,0,-3.418,-3.418,3050,-0.052,2.007
2015-08-26 09:55:00,0,0.23,1,1.92,1.92,3050,-0.744,-0.092
2015-08-27 09:55:00,1,0.92,1,1.288,1.288,3050,-0.076,1.096
2015-08-28 09:55:00,0,0.43,1,0.113,0.113,3050,0.392,-0.278
2015-08-31 09:55:00,0,0.48,1,0.051,0.051,3050,-0.203,0.013
2015-09-01 09:55:00,0,0.43,0,-1.191,-1.191,3050,0.809,-0.452
2015-09-02 09:55:00,0,0.125,1,0.959,0.959,3050,-0.375,-0.168
2015-09-03 09:55:00,1,0.93,0,-0.612,-0.612,3050,0.166,0.385
2015-09-04 09:55:00,0,0.39,0,-0.169,-0.169,3050,0.196,-0.233
2015-09-07 09:55:00,1,0.775,1,0.362,0.362,3050,0.013,0.0
2015-09-08 09:55:00,1,0.92,1,0.807,0.807,3050,-0.077,1.135
2015-09-09 09:55:00,0,0.485,0,-2.058,-2.058,3050,-0.365,0.05
2015-09-10 09:55:00,1,0.995,1,0.697,0.697,3050,0.272,0.564
2015-09-11 09:55:00,0,0.36,1,1.062,1.062,3050,-0.052,-0.424
2015-09-14 09:55:00,0,0.545,1,0.09,0.09,3050,-0.5,0.154
2015-09-15 09:55:00,0,0.37,1,1.066,1.066,3050,-0.026,-0.257
2015-09-16 09:55:00,1,0.775,1,0.762,0.762,3050,0.089,0.0
2015-09-17 09:55:00,0,0.49,0,-0.202,-0.202,3050,0.063,-0.164
2015-09-18 09:55:00,0,0.055,0,-0.358,-0.358,3050,-0.217,-0.341
2015-09-21 09:55:00,1,0.745,0,-0.038,-0.038,3050,-0.128,0.54
2015-09-22 09:55:00,0,0.365,0,-0.091,-0.091,3050,0.155,-1.416
2015-09-23 09:55:00,0,0.62,0,-0.117,-0.117,3050,-0.22,1.083
2015-09-24 09:55:00,0,0.545,1,0.813,0.813,3050,-0.392,0.104
2015-09-25 09:55:00,0,0.58,0,-0.813,-0.813,3050,-0.245,1.012
2015-09-28 09:55:00,0,0.005,0,-1.5,-1.5,3050,-0.55,-0.482
2015-09-29 09:55:00,0,0.58,0,-0.319,-0.319,3050,-0.239,0.63
2015-09-30 09:55:00,1,0.935,1,0.58,0.58,3050,0.105,0.317
2015-10-01 09:55:00,0,0.325,1,0.552,0.552,3050,-0.432,-0.078
2015-10-02 09:55:00,0,0.57,1,2.779,2.779,3050,-0.29,0.378
2015-10-05 09:55:00,1,0.995,1,0.623,0.623,3050,0.422,0.463
2015-10-06 09:55:00,1,0.97,0,-0.568,-0.568,3050,0.418,0.076
2015-10-07 09:55:00,1,0.995,1,0.013,0.013,3050,0.366,0.304
2015-10-08 09:55:00,1,0.915,1,1.109,1.109,3050,0.202,0.177
2015-10-09 09:55:00,0,0.455,0,-0.149,-0.149,3050,-0.037,-0.199
2015-10-12 09:55:00,1,0.775,1,0.187,0.187,3050,-0.075,0.012
2015-10-13 09:55:00,0,0.43,0,-0.486,-0.486,3050,0.3,-0.485
2015-10-14 09:55:00,1,0.835,0,-0.725,-0.725,3050,0.351,-0.013
2015-10-15 09:55:00,1,0.91,1,1.103,1.103,3050,-0.063,0.188
2015-10-16 09:55:00,1,0.91,1,0.235,0.235,3050,0.112,0.124
2015-10-19 09:55:00,1,0.97,1,0.235,0.235,3050,0.26,0.111
2015-10-20 09:55:00,0,0.425,0,-0.074,-0.074,3050,0.124,-0.21
2015-10-21 09:55:00,0,0.555,0,-0.801,-0.801,3050,-0.086,-0.086
2015-10-22 09:55:00,1,0.915,1,0.627,0.627,3050,0.606,0.062
2015-10-23 09:55:00,1,0.92,0,-0.085,-0.085,3050,0.036,0.158
2015-10-26 09:55:00,0,0.585,1,0.085,0.085,3050,-0.206,0.073
2015-10-27 09:55:00,1,0.905,0,-0.036,-0.036,3050,0.134,0.134
2015-10-28 09:55:00,1,0.905,1,0.786,0.786,3050,0.218,0.133
2015-10-29 09:55:00,0,0.49,1,0.144,0.144,3050,0.084,-0.144
2015-10-30 09:55:00,0,0.01,0,-0.385,-0.385,3050,-0.335,-0.251
2015-11-02 09:55:00,1,0.995,1,0.672,0.672,3050,0.301,0.411
2015-11-03 09:55:00,0,0.59,1,0.526,0.526,3050,0.036,-0.095
2015-11-04 09:55:00,0,0.53,0,-0.131,-0.131,3150,-0.427,0.024
2015-11-05 09:55:00,1,0.855,0,-0.369,-0.369,3150,0.095,0.107
2015-11-06 09:55:00,1,0.655,1,0.42,0.42,3150,-0.06,-0.06
2015-11-09 09:55:00,0,0.0,0,-0.265,-0.265,3150,-0.395,-0.334
2015-11-10 09:55:00,0,0.29,1,0.217,0.217,3150,0.218,-0.457
2015-11-11 09:55:00,0,0.595,0,-0.337,-0.337,3150,-0.36,0.132
2015-11-12 09:55:00,0,0.0,0,-0.79,-0.79,3150,-0.291,-0.338
2015-11-13 09:55:00,0,0.465,0,-0.75,-0.75,3150,-0.196,-0.037
2015-11-16 09:55:00,1,1.0,1,1.223,1.223,3150,0.384,0.572
2015-11-17 09:55:00,0,0.605,0,-0.195,-0.195,3150,-0.267,0.341
2015-11-18 09:55:00,0,0.385,1,1.093,1.093,3150,0.085,-0.11
2015-11-19 09:55:00,1,0.855,0,-0.168,-0.168,3150,0.0,0.192
2015-11-20 09:55:00,1,0.995,0,-0.287,-0.287,3150,0.288,0.18
2015-11-23 09:55:00,0,0.255,0,-0.12,-0.12,3150,0.036,-0.275
2015-11-24 09:55:00,0,0.4,1,0.494,0.494,3150,0.302,-0.492
2015-11-25 09:55:00,1,0.855,0,-0.12,-0.12,3150,-0.012,0.228
2015-11-26 09:55:00,1,0.855,0,-0.06,-0.06,3150,-0.072,0.275
2015-11-27 09:55:00,1,0.68,1,0.072,0.072,3150,-0.144,0.156
2015-11-30 09:55:00,0,0.595,0,-0.24,-0.24,3150,-0.454,0.132
2015-12-01 09:55:00,0,0.51,1,0.227,0.227,3150,0.431,-0.155
2015-12-02 09:55:00,1,0.77,0,-1.142,-1.142,3150,0.155,-0.024
2015-12-03 09:55:00,0,0.6,0,-1.217,-1.217,3150,-0.384,0.528
2015-12-04 09:55:00,1,1.0,1,1.113,1.113,3150,0.572,0.28
2015-12-07 09:55:00,0,0.605,0,-0.168,-0.168,3150,-0.252,0.287
2015-12-08 09:55:00,0,0.425,1,0.365,0.365,3150,-0.17,-0.084
2015-12-09 09:55:00,0,0.4,0,-0.968,-0.968,3150,0.621,-0.484
2015-12-10 09:55:00,1,0.86,1,0.183,0.183,3150,0.122,0.208
2015-12-11 09:55:00,0,0.0,0,-0.583,-0.583,3150,-0.641,-0.807
2015-12-14 09:55:00,0,0.595,1,0.738,0.738,3150,-0.287,0.186
2015-12-15 09:55:00,1,1.0,0,-0.233,-0.233,3150,0.394,0.646
2015-12-16 09:55:00,1,0.8,1,0.916,0.916,3150,-0.098,0.282
2015-12-17 09:55:00,0,0.6,0,-1.359,-1.359,3150,-0.399,0.595
2015-12-18 09:55:00,1,0.79,0,-1.25,-1.25,3150,-0.111,0.21
2015-12-21 09:55:00,1,0.855,1,0.237,0.237,3150,-0.075,0.55
2015-12-22 09:55:00,0,0.05,1,0.819,0.819,3150,-0.186,-0.21
2015-12-23 09:55:00,1,0.86,1,0.599,0.599,3150,0.122,0.283
2015-12-24 09:55:00,1,0.785,0,-0.11,-0.11,3150,-0.037,0.024
2015-12-28 09:55:00,0,0.285,1,0.208,0.208,3150,0.024,-0.207
2015-12-29 09:55:00,1,0.86,1,0.181,0.181,3150,0.182,0.305
2015-12-30 09:55:00,0,0.3,0,-0.472,-0.472,3150,-0.121,-0.157
2015-12-31 09:55:00,0,0.475,0,-0.501,-0.501,3150,-0.159,-0.061
2016-01-04 09:55:00,0,0.22,1,0.401,0.401,3150,-0.088,-0.52
2016-01-05 09:55:00,0,0.06,1,0.274,0.274,3150,-0.174,-0.932
2016-01-06 09:55:00,0,0.4,0,-0.176,-0.176,3150,0.417,-0.602
2016-01-07 09:55:00,0,0.4,0,-1.099,-1.099,3150,0.475,-0.997
2016-01-08 09:55:00,0,0.405,0,-1.821,-1.821,3150,-0.243,-0.064
2016-01-11 09:55:00,0,0.6,0,-0.013,-0.013,3150,-0.442,0.735
2016-01-12 09:55:00,1,0.855,0,-0.168,-0.168,3150,0.013,1.287
2016-01-13 09:55:00,0,0.595,0,-2.738,-2.738,3150,-0.245,0.09
2016-01-14 09:55:00,0,0.0,1,2.094,2.094,3150,-0.978,-0.621
2016-01-15 09:55:00,0,0.255,1,0.08,0.08,3150,0.013,-0.988
2016-01-18 09:55:00,1,0.855,1,0.842,0.842,3150,0.013,0.373
2016-01-19 09:55:00,0,0.6,0,-0.557,-0.557,3150,-0.829,0.515
2016-01-20 09:55:00,0,0.0,1,0.885,0.885,3150,-0.488,-0.285
2016-01-21 09:55:00,0,0.6,1,0.867,0.867,3150,-0.873,0.217
2016-01-22 09:55:00,1,1.0,1,0.132,0.132,3150,0.61,0.359
2016-01-25 09:55:00,0,0.265,0,-1.018,-1.018,3150,0.119,-0.224
2016-01-26 09:55:00,1,0.855,1,1.026,1.026,3150,-0.027,0.416
2016-01-27 09:55:00,0,0.365,0,-0.78,-0.78,3150,-0.066,-0.159
2016-01-28 09:55:00,1,0.86,0,-0.291,-0.291,3150,0.066,0.319
2016-01-29 09:55:00,0,0.4,1,1.338,1.338,3150,0.514,-0.237
2016-02-01 09:55:00,0,0.255,1,0.665,0.665,3150,0.013,-0.337
2016-02-02 09:55:00,0,0.0,0,-0.564,-0.564,3150,-0.314,-0.455
2016-02-03 09:55:00,0,0.51,1,0.554,0.554,3150,-0.655,0.0
2016-02-04 09:55:00,0,0.4,1,0.289,0.289,3150,0.488,-0.351
2016-02-05 09:55:00,0,0.625,0,-1.122,-1.122,3150,-0.224,0.354
2016-02-08 09:55:00,0,0.0,1,0.435,0.435,3150,-0.795,-1.713
2016-02-09 09:55:00,1,1.0,1,0.081,0.081,3150,0.874,0.667
2016-02-10 09:55:00,1,0.855,0,-0.965,-0.965,3150,0.027,1.315
2016-02-11 09:55:00,0,0.4,0,-0.273,-0.273,3150,0.799,-1.184
2016-02-12 09:55:00,0,0.6,1,1.279,1.279,3150,-0.393,0.63
2016-02-15 09:55:00,1,0.86,1,0.332,0.332,3150,0.133,0.546
2016-02-16 09:55:00,0,0.205,1,0.786,0.786,3150,-0.093,-0.542
2016-02-17 09:55:00,1,0.995,1,0.733,0.733,3150,0.249,0.876
2016-02-18 09:55:00,0,0.595,0,-0.351,-0.351,3150,-0.389,0.143
2016-02-19 09:55:00,0,0.255,1,0.538,0.538,3150,-0.066,-0.299
2016-02-22 09:55:00,1,0.86,1,0.116,0.116,3150,0.168,0.663
2016-02-23 09:55:00,1,0.675,0,-0.853,-0.853,3150,-0.142,0.091
2016-02-24 09:55:00,0,0.0,1,1.81,1.81,3150,-0.473,-0.653
2016-02-25 09:55:00,0,0.605,1,1.128,1.128,3150,-0.246,0.286
2016-02-26 09:55:00,0,0.625,0,-0.55,-0.55,3150,-0.23,0.73
2016-02-29 09:55:00,1,0.81,0,-0.848,-0.848,3150,-0.09,0.078
2016-03-01 09:55:00,1,0.855,1,1.686,1.686,3150,-0.026,0.79
2016-03-02 09:55:00,0,0.22,1,0.672,0.672,3150,-0.089,-0.542
2016-03-03 09:55:00,0,0.61,1,0.708,0.708,3150,-0.227,0.076
2016-03-04 09:55:00,0,0.56,1,0.554,0.554,3150,-0.213,0.05
2016-03-07 09:55:00,0,0.26,1,0.566,0.566,3150,0.138,-0.364
2016-03-08 09:55:00,0,0.0,0,-0.328,-0.328,3150,-0.327,-0.377
2016-03-09 09:55:00,1,0.68,1,0.113,0.113,3150,-0.151,0.214
2016-03-10 09:55:00,1,0.85,0,-0.649,-0.649,3150,0.037,0.151
2016-03-11 09:55:00,1,0.86,1,0.625,0.625,3150,0.138,0.376
2016-03-14 09:55:00,1,0.71,1,0.325,0.325,3150,-0.1,-0.025
2016-03-15 09:55:00,0,0.255,1,0.488,0.488,3150,-0.063,-0.299
2016-03-16 09:55:00,1,0.91,1,0.623,0.623,3150,0.35,-0.012
2016-03-17 09:55:00,0,0.26,1,0.819,0.819,3150,0.124,-0.285
2016-03-18 09:55:00,1,0.795,1,0.074,0.074,3150,0.123,0.037
2016-03-21 09:55:00,1,0.89,1,0.074,0.074,3150,0.221,0.393
2016-03-22 09:55:00,0,0.37,1,0.233,0.233,3150,0.074,-0.147
2016-03-23 09:55:00,0,0.595,0,-0.32,-0.32,3150,-0.331,0.147
2016-03-24 09:55:00,0,0.37,1,0.471,0.471,3150,0.087,-0.173
2016-03-28 09:55:00,0,0.515,1,0.012,0.012,3250,-0.221,0.037
2016-03-29 09:55:00,0,0.595,1,1.161,1.161,3250,0.037,-0.345
2016-03-30 09:55:00,1,0.93,0,-0.243,-0.243,3250,0.085,0.464
2016-03-31 09:55:00,1,0.845,0,-0.219,-0.219,3250,0.024,-0.012
2016-04-01 09:55:00,1,0.745,1,1.176,1.176,3250,0.074,-0.098
2016-04-04 09:55:00,1,0.84,0,-0.327,-0.327,3250,-0.097,0.097
2016-04-05 09:55:00,0,0.585,0,-0.184,-0.184,3250,0.0,-0.537
2016-04-06 09:55:00,1,0.84,1,1.018,1.018,3250,-0.037,0.012
2016-04-07 09:55:00,0,0.585,0,-0.671,-0.671,3250,-0.049,-0.437
2016-04-08 09:55:00,1,0.905,0,-0.512,-0.512,3250,-0.037,0.294
2016-04-11 09:55:00,1,0.925,0,-0.816,-0.816,3250,0.073,0.343
2016-04-12 09:55:00,1,0.925,1,0.723,0.723,3250,0.11,0.184
2016-04-13 09:55:00,1,0.935,1,0.338,0.338,3250,0.194,0.279
2016-04-14 09:55:00,0,0.26,1,0.169,0.169,3250,-0.289,-0.024
2016-04-15 09:55:00,1,0.65,0,-0.06,-0.06,3250,0.072,-0.144
2016-04-18 09:55:00,1,0.985,1,0.723,0.723,3250,0.302,0.412
2016-04-19 09:55:00,1,0.925,0,-0.06,-0.06,3250,0.072,0.431
2016-04-20 09:55:00,1,0.895,1,0.036,0.036,3250,-0.048,0.204
2016-04-21 09:55:00,0,0.06,0,-0.275,-0.275,3250,-0.322,-0.178
2016-04-22 09:55:00,0,0.635,0,-0.06,-0.06,3250,0.192,-0.216
2016-04-25 09:55:00,0,0.61,1,0.241,0.241,3250,-0.168,0.036
2016-04-26 09:55:00,1,0.915,0,-0.227,-0.227,3250,0.144,0.144
2016-04-27 09:55:00,1,0.845,1,0.288,0.288,3250,0.036,0.0
2016-04-28 09:55:00,1,0.67,0,-0.755,-0.755,3250,0.397,-0.228
2016-04-29 09:55:00,0,0.31,1,0.097,0.097,3250,-0.4,0.072
2016-05-02 09:55:00,1,0.66,1,0.655,0.655,3250,-0.157,0.109
2016-05-03 09:55:00,0,0.015,1,0.036,0.036,3250,-0.291,-0.567
2016-05-04 09:55:00,1,0.665,0,-0.171,-0.171,3250,0.318,-0.681
2016-05-05 09:55:00,0,0.605,0,-0.256,-0.256,3250,-0.17,0.037
2016-05-06 09:55:00,1,0.855,1,0.527,0.527,3250,0.406,-0.061
2016-05-09 09:55:00,1,0.91,0,-0.17,-0.17,3250,0.195,0.146
2016-05-10 09:55:00,1,0.985,1,0.544,0.544,3250,0.315,0.279
2016-05-11 09:55:00,0,0.52,0,-0.555,-0.555,3250,-0.193,-0.024
2016-05-12 09:55:00,0,0.335,0,-0.024,-0.024,3250,-0.411,0.376
2016-05-13 09:55:00,1,0.745,0,-0.729,-0.729,3250,0.073,-0.097
2016-05-16 09:55:00,1,0.915,1,0.634,0.634,3250,0.294,-0.012
2016-05-17 09:55:00,1,0.835,0,-0.668,-0.668,3250,-0.049,-0.012
2016-05-18 09:55:00,1,0.905,1,0.049,0.049,3250,0.245,0.012
2016-05-19 09:55:00,0,0.06,1,0.531,0.531,3250,-0.516,-0.147
2016-05-20 09:55:00,1,0.805,0,-0.098,-0.098,3250,0.306,-0.098
2016-05-23 09:55:00,1,0.65,0,-0.134,-0.134,3250,0.061,-0.171
2016-05-24 09:55:00,1,0.985,1,0.46,0.46,3250,0.328,0.453
2016-05-25 09:55:00,1,0.935,1,0.012,0.012,3250,0.168,0.301
2016-05-26 09:55:00,0,0.555,1,0.12,0.12,3250,-0.203,0.12
2016-05-27 09:55:00,1,0.86,1,0.251,0.251,3250,0.072,0.012
2016-05-30 09:55:00,1,0.77,0,-0.048,-0.048,3250,-0.059,-0.071
2016-05-31 09:55:00,0,0.63,0,-0.262,-0.262,3250,-0.06,-0.131
2016-06-01 09:55:00,0,0.565,1,0.563,0.563,3250,-0.096,-0.215
2016-06-02 09:55:00,0,0.59,1,0.706,0.706,3250,-0.191,0.191
2016-06-03 09:55:00,0,0.53,1,0.311,0.311,3250,-0.191,0.0
2016-06-06 09:55:00,1,0.91,1,0.071,0.071,3250,0.166,0.095
2016-06-07 09:55:00,1,0.925,0,-0.047,-0.047,3250,0.059,0.285
2016-06-08 09:55:00,1,0.885,0,-0.024,-0.024,3250,0.201,0.047
2016-06-09 09:55:00,0,0.64,1,0.142,0.142,3250,0.095,-0.201
2016-06-10 09:55:00,0,0.585,0,-0.108,-0.108,3250,-0.084,-0.511
2016-06-13 09:55:00,1,0.88,0,-0.731,-0.731,3250,0.228,0.012
2016-06-14 09:55:00,0,0.625,0,-0.133,-0.133,3250,0.218,-0.338
2016-06-15 09:55:00,1,0.94,0,-0.434,-0.434,3250,0.121,0.363
2016-06-16 09:55:00,0,0.31,1,1.26,1.26,3250,-0.463,0.073
2016-06-17 09:55:00,0,0.3,0,-0.145,-0.145,3250,-0.193,-0.205
2016-06-20 09:55:00,1,0.93,0,-0.575,-0.575,3250,0.096,0.216
2016-06-21 09:55:00,1,0.8,1,0.108,0.108,3250,-0.096,0.012
2016-06-22 09:55:00,1,0.855,0,-0.312,-0.312,3250,0.024,0.024
2016-06-23 09:55:00,0,0.57,1,0.597,0.597,3250,-0.215,0.407
2016-06-24 09:55:00,1,0.985,0,-1.362,-1.362,3250,1.082,1.41
2016-06-27 09:55:00,0,0.155,0,-0.45,-0.45,3250,-0.448,-0.099
2016-06-28 09:55:00,1,0.98,1,0.521,0.521,3250,0.311,0.225
2016-06-29 09:55:00,1,0.925,1,0.831,0.831,3250,0.049,0.32
2016-06-30 09:55:00,0,0.345,1,1.394,1.394,3250,-0.254,0.485
2016-07-01 09:55:00,1,0.71,0,-0.095,-0.095,3250,0.335,-0.18
2016-07-04 09:55:00,1,0.835,0,-0.191,-0.191,3250,-0.048,0.0
2016-07-05 09:55:00,0,0.015,1,0.024,0.024,3250,-0.3,-0.394
2016-07-06 09:55:00,0,0.63,1,1.026,1.026,3250,0.012,-0.156
2016-07-07 09:55:00,1,0.935,0,-0.5,-0.5,3250,0.37,0.048
2016-07-08 09:55:00,1,0.925,1,0.628,0.628,3250,0.047,0.311
2016-07-11 09:55:00,1,0.795,0,-0.012,-0.012,3250,0.07,-0.047
2016-07-12 09:55:00,1,0.925,1,0.14,0.14,3250,0.07,0.411
2016-07-13 09:55:00,0,0.33,1,0.035,0.035,3250,-0.314,0.21
2016-07-14 09:55:00,0,0.59,0,-0.104,-0.104,3250,-0.196,0.873
2016-07-15 09:55:00,1,0.88,0,-0.232,-0.232,3250,-0.069,0.116
2016-07-18 09:55:00,1,0.77,1,0.209,0.209,3250,0.012,-0.081
2016-07-19 09:55:00,0,0.61,1,0.139,0.139,3250,-0.012,-0.209
2016-07-20 09:55:00,1,0.905,1,0.266,0.266,3250,-0.081,0.371
2016-07-21 09:55:00,0,0.63,0,-0.312,-0.312,3250,0.0,-0.127
2016-07-22 09:55:00,1,0.69,1,0.463,0.463,3250,-0.127,0.162
2016-07-25 09:55:00,0,0.545,1,0.046,0.046,3250,-0.219,0.104
2016-07-26 09:55:00,1,0.66,0,-0.104,-0.104,3250,0.185,-0.196
2016-07-27 09:55:00,1,0.825,0,-0.254,-0.254,3250,-0.058,-0.035
2016-07-28 09:55:00,1,0.81,1,0.139,0.139,3250,0.104,-0.046
2016-07-29 09:55:00,1,0.77,1,0.289,0.289,3250,-0.023,-0.069
2016-08-01 09:55:00,0,0.365,0,-0.023,-0.023,3250,-0.15,-0.333
2016-08-02 09:55:00,0,0.585,0,-0.336,-0.336,3250,-0.046,-0.335
2016-08-03 09:55:00,1,0.865,1,0.29,0.29,3250,0.116,-0.023
2016-08-04 09:55:00,1,0.825,1,0.162,0.162,3250,-0.081,-0.035
2016-08-05 09:55:00,1,0.96,1,0.149,0.149,3250,0.323,0.092
2016-08-08 09:55:00,1,0.88,0,-0.057,-0.057,3250,-0.046,0.126
2016-08-09 09:55:00,1,0.87,0,-0.103,-0.103,3250,0.126,0.0
2016-08-10 09:55:00,0,0.32,0,-0.126,-0.126,3250,-0.252,0.138
2016-08-11 09:55:00,1,0.88,1,0.23,0.23,3250,0.011,0.069
2016-08-12 09:55:00,1,0.88,1,0.023,0.023,3250,-0.011,0.092
2016-08-15 09:55:00,1,0.86,1,0.023,0.023,3350,0.08,0.011
2016-08-16 09:55:00,1,0.805,0,-0.184,-0.184,3350,-0.092,0.092
2016-08-17 09:55:00,0,0.28,1,0.449,0.449,3350,-0.367,-0.092
2016-08-18 09:55:00,1,0.675,1,0.195,0.195,3350,0.126,-0.092
2016-08-19 09:55:00,0,0.14,1,0.345,0.345,3350,-0.207,-0.24
2016-08-22 09:55:00,1,0.825,1,0.195,0.195,3350,-0.057,0.172
2016-08-23 09:55:00,1,0.885,0,-0.274,-0.274,3350,0.16,0.218
2016-08-24 09:55:00,1,0.66,0,-0.412,-0.412,3350,-0.137,0.126
2016-08-25 09:55:00,0,0.475,1,0.012,0.012,3350,0.069,-0.138
2016-08-26 09:55:00,1,0.885,0,-0.402,-0.402,3350,0.138,0.046
2016-08-29 09:55:00,1,0.955,1,0.138,0.138,3350,0.265,0.023
2016-08-30 09:55:00,1,0.775,0,-0.161,-0.161,3350,0.0,-0.034
2016-08-31 09:55:00,1,0.83,0,-0.127,-0.127,3350,-0.046,0.034
2016-09-01 09:55:00,0,0.44,1,0.069,0.069,3350,-0.138,-0.092
2016-09-02 09:55:00,1,0.98,0,-0.172,-0.172,3350,0.368,0.069
2016-09-05 09:55:00,1,0.675,1,0.034,0.034,3350,-0.069,-0.08
2016-09-06 09:55:00,1,0.89,1,0.229,0.229,3350,0.046,0.069
2016-09-07 09:55:00,0,0.47,1,0.046,0.046,3350,0.034,-0.103
2016-09-08 09:55:00,0,0.61,1,0.092,0.092,3350,-0.195,0.034
2016-09-09 09:55:00,0,0.085,0,-1.51,-1.51,3350,-0.255,-0.115
2016-09-12 09:55:00,0,0.575,1,1.378,1.378,3350,0.462,-0.107
2016-09-13 09:55:00,0,0.025,0,-0.411,-0.411,3350,-0.339,-0.245
2016-09-14 09:55:00,0,0.44,0,-0.212,-0.212,3350,-0.153,-0.094
2016-09-15 09:55:00,1,0.885,1,0.884,0.884,3350,0.213,0.272
2016-09-16 09:55:00,0,0.195,1,0.059,0.059,3350,-0.211,-0.14
2016-09-19 09:55:00,1,0.89,0,-0.664,-0.664,3350,0.187,0.093
2016-09-20 09:55:00,1,0.855,0,-0.432,-0.432,3350,0.023,0.164
2016-09-21 09:55:00,1,0.95,1,0.572,0.572,3350,0.316,0.012
2016-09-22 09:55:00,1,0.89,0,-0.069,-0.069,3350,0.208,0.348
2016-09-23 09:55:00,0,0.245,0,-0.277,-0.277,3350,-0.15,-0.115
2016-09-26 09:55:00,0,0.135,0,-0.187,-0.187,3350,-0.221,-0.325
2016-09-27 09:55:00,0,0.415,1,0.408,0.408,3350,0.175,-0.383
2016-09-28 09:55:00,1,0.74,1,0.418,0.418,3350,0.128,-0.046
2016-09-29 09:55:00,0,0.48,0,-0.89,-0.89,3350,0.116,-0.127
2016-09-30 09:55:00,1,0.885,1,0.383,0.383,3350,0.046,0.222
2016-10-03 09:55:00,1,0.715,1,0.116,0.116,3350,-0.116,0.012
2016-10-04 09:55:00,1,0.895,0,-0.603,-0.603,3350,0.104,0.104
2016-10-05 09:55:00,1,0.835,0,-0.012,-0.012,3350,0.186,0.0
2016-10-06 09:55:00,0,0.23,1,0.361,0.361,3350,-0.186,-0.174
2016-10-07 09:55:00,0,0.44,0,-0.07,-0.07,3350,-0.429,-0.023
2016-10-10 09:55:00,1,0.89,0,-0.243,-0.243,3350,0.185,0.081
2016-10-11 09:55:00,0,0.445,0,-0.676,-0.676,3350,-0.348,-0.012
2016-10-12 09:55:00,0,0.445,1,0.035,0.035,3350,0.082,-0.199
2016-10-13 09:55:00,0,0.5,1,0.77,0.77,3350,-0.319,0.071
2016-10-14 09:55:00,1,0.89,0,-0.619,-0.619,3350,0.199,0.294
2016-10-17 09:55:00,0,0.595,0,-0.094,-0.094,3350,-0.188,-0.012
2016-10-18 09:55:00,0,0.61,0,0.0,0.0,3350,-0.211,0.117
2016-10-19 09:55:00,0,0.36,1,0.223,0.223,3350,-0.105,-0.117
2016-10-20 09:55:00,1,0.735,0,-0.117,-0.117,3350,0.082,-0.058
2016-10-21 09:55:00,1,0.845,1,0.364,0.364,3350,0.0,0.047
2016-10-24 09:55:00,1,0.89,0,-0.163,-0.163,3350,0.128,0.327
2016-10-25 09:55:00,0,0.59,0,-0.28,-0.28,3350,-0.116,-0.081
2016-10-26 09:55:00,0,0.185,1,0.306,0.306,3350,-0.141,-0.246
2016-10-27 09:55:00,0,0.5,0,-0.41,-0.41,3350,-0.315,0.082
2016-10-28 09:55:00,1,0.705,0,-0.329,-0.329,3350,0.024,-0.047
2016-10-31 09:55:00,0,0.085,0,-0.071,-0.071,3350,-0.247,-0.153
2016-11-01 09:55:00,0,0.435,0,-0.672,-0.672,3350,-0.224,-0.07
2016-11-02 09:55:00,1,0.89,0,-0.57,-0.57,3350,0.119,0.215
2016-11-03 09:55:00,0,0.64,0,-0.49,-0.49,3350,-0.191,0.203
2016-11-04 09:55:00,0,0.24,0,-0.012,-0.012,3350,-0.276,-0.096
2016-11-07 09:55:00,1,0.89,1,0.651,0.651,3350,0.142,0.131
2016-11-08 09:55:00,0,0.505,1,0.719,0.719,3350,-0.141,-0.059
2016-11-09 09:55:00,1,0.975,1,0.935,0.935,3350,1.35,2.157
2016-11-10 09:55:00,1,0.835,0,-0.276,-0.276,3350,-0.046,0.52
2016-11-11 09:55:00,0,0.185,1,0.186,0.186,3350,-0.151,-0.554
2016-11-14 09:55:00,0,0.025,0,-0.035,-0.035,3350,-0.288,-0.265
2016-11-15 09:55:00,1,0.825,1,0.589,0.589,3350,-0.023,0.012
2016-11-16 09:55:00,0,0.44,1,0.161,0.161,3350,0.012,-0.183
2016-11-17 09:55:00,1,0.955,1,0.16,0.16,3350,0.31,0.023
2016-11-18 09:55:00,0,0.425,0,-0.172,-0.172,3350,-0.046,-0.126
2016-11-21 09:55:00,1,0.84,1,0.228,0.228,3350,0.206,-0.011
2016-11-22 09:55:00,1,0.675,1,0.011,0.011,3350,0.102,-0.091
2016-11-23 09:55:00,0,0.44,1,0.376,0.376,3350,-0.137,-0.091
2016-11-24 09:55:00,1,0.885,1,0.091,0.091,3350,0.114,0.045
2016-11-25 09:55:00,1,0.835,0,-0.079,-0.079,3350,0.102,-0.023
2016-11-28 09:55:00,0,0.5,0,-0.306,-0.306,3350,0.057,-0.102
2016-11-29 09:55:00,1,0.66,1,0.273,0.273,3350,-0.148,0.102
2016-11-30 09:55:00,1,0.855,0,-0.498,-0.498,3350,-0.034,0.068
2016-12-01 09:55:00,0,0.635,0,-0.364,-0.364,3350,-0.159,0.023
2016-12-02 09:55:00,0,0.47,0,-0.114,-0.114,3350,0.171,-0.183
2016-12-05 09:55:00,1,0.975,0,-0.091,-0.091,3350,0.261,0.733
2016-12-06 09:55:00,0,0.445,1,0.42,0.42,3350,-0.249,0.0
2016-12-07 09:55:00,1,0.7,1,1.438,1.438,3350,-0.034,-0.045
2016-12-08 09:55:00,1,0.805,1,0.246,0.246,3350,0.022,0.0
2016-12-09 09:55:00,1,0.865,1,0.356,0.356,3350,0.067,0.022
2016-12-12 09:55:00,1,0.74,0,-0.266,-0.266,3350,0.133,-0.078
2016-12-13 09:55:00,1,0.975,1,0.066,0.066,3350,0.288,0.211
2016-12-14 09:55:00,1,0.845,0,-0.728,-0.728,3350,-0.022,0.033
2016-12-15 09:55:00,1,0.97,0,-0.155,-0.155,3350,0.377,0.144
2016-12-16 09:55:00,1,0.775,0,-0.266,-0.266,3350,-0.099,0.089
2016-12-19 09:55:00,1,0.74,0,-0.011,-0.011,3350,0.089,-0.044
2016-12-20 09:55:00,1,0.895,0,-0.044,-0.044,3350,0.088,0.066
2016-12-21 09:55:00,1,0.83,0,-0.177,-0.177,3350,-0.022,0.022
2016-12-22 09:55:00,1,0.73,0,0.0,0.0,3350,-0.122,0.1
2016-12-23 09:55:00,1,0.835,1,0.066,0.066,3350,0.044,-0.011
2016-12-27 09:55:00,1,0.9,0,-0.176,-0.176,3350,0.265,-0.033
2016-12-28 09:55:00,0,0.495,0,-0.51,-0.51,3350,-0.441,0.055
2016-12-29 09:55:00,1,0.835,0,-0.089,-0.089,3350,0.022,0.022
2016-12-30 09:55:00,0,0.42,0,-0.089,-0.089,3350,-0.478,-0.033
2017-01-03 09:55:00,1,0.845,1,0.056,0.056,3350,-0.022,0.145
2017-01-04 09:55:00,1,0.68,1,0.199,0.199,3450,0.144,-0.011
2017-01-05 09:55:00,1,0.715,0,0.0,0.0,3450,0.066,0.088
2017-01-06 09:55:00,0,0.405,1,0.376,0.376,3450,-0.132,0.0
2017-01-09 09:55:00,0,0.265,0,-0.066,-0.066,3450,-0.121,-0.198
2017-01-10 09:55:00,0,0.605,1,0.077,0.077,3450,-0.099,0.155
2017-01-11 09:55:00,1,0.97,1,0.121,0.121,3450,0.243,0.099
2017-01-12 09:55:00,0,0.185,1,0.255,0.255,3450,-0.254,-0.044
2017-01-13 09:55:00,1,0.845,0,-0.077,-0.077,3450,0.221,0.088
2017-01-16 09:55:00,0,0.615,1,0.055,0.055,3450,-0.077,0.033
2017-01-17 09:55:00,0,0.145,1,0.055,0.055,3450,-0.177,-0.199
2017-01-18 09:55:00,0,0.34,1,0.133,0.133,3450,-0.132,-0.044
2017-01-19 09:55:00,0,0.465,0,-0.353,-0.353,3450,0.055,-0.176
2017-01-20 09:55:00,1,0.74,0,-0.198,-0.198,3450,0.188,0.099
2017-01-23 09:55:00,1,0.69,0,-0.099,-0.099,3450,0.033,0.111
2017-01-24 09:55:00,1,0.665,1,0.519,0.519,3450,-0.011,0.077
2017-01-25 09:55:00,1,0.77,1,0.251,0.251,3450,0.197,0.176
2017-01-26 09:55:00,0,0.47,0,-0.098,-0.098,3450,0.033,-0.098
2017-01-27 09:55:00,0,0.265,0,-0.011,-0.011,3450,-0.185,-0.044
2017-01-30 09:55:00,0,0.205,1,0.132,0.132,3450,-0.384,-0.033
2017-01-31 09:55:00,0,0.59,1,0.298,0.298,3450,-0.11,0.099
2017-02-01 09:55:00,0,0.55,0,-0.263,-0.263,3450,0.011,-0.066
2017-02-02 09:55:00,1,0.77,1,0.176,0.176,3450,0.198,0.066
2017-02-03 09:55:00,1,0.67,1,0.273,0.273,3450,0.011,0.198
2017-02-06 09:55:00,1,0.735,0,-0.076,-0.076,3450,0.131,0.076
2017-02-07 09:55:00,1,0.72,0,-0.229,-0.229,3450,0.055,0.197
2017-02-08 09:55:00,0,0.5,1,0.317,0.317,3450,-0.088,-0.055
2017-02-09 09:55:00,1,0.69,1,0.359,0.359,3450,0.131,0.022
2017-02-10 09:55:00,0,0.485,1,0.162,0.162,3450,0.087,-0.141
2017-02-13 09:55:00,1,0.7,1,0.194,0.194,3450,0.119,0.043
2017-02-14 09:55:00,0,0.6,1,0.538,0.538,3450,-0.097,0.065
2017-02-15 09:55:00,0,0.545,1,0.482,0.482,3450,0.139,-0.096
2017-02-16 09:55:00,0,0.53,1,0.043,0.043,3450,-0.085,-0.053
2017-02-17 09:55:00,0,0.48,1,0.31,0.31,3450,0.085,-0.192
2017-02-20 09:55:00,0,0.53,1,0.011,0.011,3450,0.053,-0.096
2017-02-21 09:55:00,1,0.97,1,0.148,0.148,3450,0.266,0.106
2017-02-22 09:55:00,0,0.415,1,0.117,0.117,3450,0.0,-0.18
2017-02-23 09:55:00,1,0.655,0,-0.095,-0.095,3450,-0.011,0.064
2017-02-24 09:55:00,1,0.73,1,0.35,0.35,3450,0.255,-0.106
2017-02-27 09:55:00,0,0.595,1,0.127,0.127,3450,0.106,-0.085
2017-02-28 09:55:00,0,0.61,0,-0.074,-0.074,3450,-0.085,0.032
2017-03-01 09:55:00,1,0.785,1,0.409,0.409,3450,0.21,0.359
2017-03-02 09:55:00,0,0.47,0,-0.45,-0.45,3450,-0.104,-0.084
2017-03-03 09:55:00,1,0.665,1,0.168,0.168,3450,-0.042,0.095
2017-03-06 09:55:00,0,0.625,1,0.063,0.063,3450,-0.021,0.042
2017-03-07 09:55:00,0,0.18,0,-0.042,-0.042,3450,-0.158,-0.147
2017-03-08 09:55:00,1,0.735,0,-0.337,-0.337,3450,0.106,0.148
2017-03-09 09:55:00,0,0.515,0,-0.021,-0.021,3450,0.021,-0.095
2017-03-10 09:55:00,0,0.64,0,-0.126,-0.126,3450,-0.074,0.063
2017-03-13 09:55:00,0,0.585,1,0.148,0.148,3450,-0.084,-0.021
2017-03-14 09:55:00,0,0.36,1,0.053,0.053,3450,-0.127,-0.042
2017-03-15 09:55:00,0,0.625,1,0.559,0.559,3450,-0.021,0.042
2017-03-16 09:55:00,0,0.605,0,-0.199,-0.199,3450,-0.094,0.073
2017-03-17 09:55:00,0,0.515,0,-0.221,-0.221,3450,-0.115,0.032
2017-03-20 09:55:00,0,0.62,0,-0.042,-0.042,3450,0.021,0.011
2017-03-21 09:55:00,0,0.615,0,-1.411,-1.411,3450,-0.032,0.011
2017-03-22 09:55:00,0,0.335,1,0.428,0.428,3450,-0.224,0.289
2017-03-23 09:55:00,0,0.42,0,-0.064,-0.064,3450,-0.011,-0.138
2017-03-24 09:55:00,0,0.48,0,-0.298,-0.298,3450,0.181,-0.128
2017-03-27 09:55:00,0,0.52,1,0.484,0.484,3450,0.129,-0.097
2017-03-28 09:55:00,0,0.415,1,0.846,0.846,3450,-0.011,-0.117
2017-03-29 09:55:00,0,0.55,1,0.138,0.138,3450,0.106,-0.096
2017-03-30 09:55:00,0,0.49,1,0.254,0.254,3450,0.117,-0.17
2017-03-31 09:55:00,0,0.57,0,-0.127,-0.127,3450,0.011,-0.032
2017-04-03 09:55:00,1,0.655,0,-0.17,-0.17,3450,-0.053,0.095
2017-04-04 09:55:00,0,0.59,1,0.202,0.202,3450,0.149,-0.085
2017-04-05 09:55:00,1,0.92,0,-0.886,-0.886,3450,0.328,0.011
2017-04-06 09:55:00,1,0.73,1,0.032,0.032,3450,0.16,0.181
2017-04-07 09:55:00,0,0.605,1,0.202,0.202,3450,-0.096,0.117
2017-04-10 09:55:00,1,0.69,0,-0.275,-0.275,3450,0.329,-0.233
2017-04-11 09:55:00,0,0.265,1,0.235,0.235,3450,-0.255,0.053
2017-04-12 09:55:00,1,0.665,0,-0.213,-0.213,3450,-0.011,0.074
2017-04-13 09:55:00,1,0.69,0,-0.662,-0.662,3450,0.268,-0.32
2017-04-17 09:55:00,1,0.67,1,0.568,0.568,3450,0.043,0.011
2017-04-18 09:55:00,1,0.675,0,-0.245,-0.245,3450,0.235,-0.384
2017-04-19 09:55:00,1,0.735,0,-0.596,-0.596,3450,0.16,0.192
2017-04-20 09:55:00,1,0.655,1,0.609,0.609,3450,-0.064,0.225
2017-04-21 09:55:00,0,0.31,0,-0.191,-0.191,3450,-0.159,-0.053
2017-04-24 09:55:00,0,0.435,1,0.053,0.053,3450,-0.137,0.19
2017-04-25 09:55:00,1,0.785,1,0.063,0.063,3450,0.231,-0.042
2017-04-26 09:55:00,1,0.67,0,-0.157,-0.157,3450,0.073,0.021
2017-04-27 09:55:00,0,0.55,0,0.0,0.0,3450,0.01,-0.042
2017-04-28 09:55:00,0,0.55,0,-0.157,-0.157,3450,-0.115,0.136
2017-05-01 09:55:00,0,0.615,1,0.063,0.063,3450,-0.073,0.052
2017-05-02 09:55:00,0,0.345,1,0.189,0.189,3450,-0.209,0.084
2017-05-03 09:55:00,0,0.55,1,0.063,0.063,3450,-0.01,-0.042
2017-05-04 09:55:00,0,0.345,1,0.147,0.147,3450,-0.209,0.168
2017-05-05 09:55:00,0,0.645,1,0.367,0.367,3450,-0.084,0.189
2017-05-08 09:55:00,0,0.41,1,0.084,0.084,3450,-0.042,-0.125
2017-05-09 09:55:00,1,0.67,0,-0.229,-0.229,3450,0.021,0.094
2017-05-10 09:55:00,0,0.59,1,0.178,0.178,3450,0.031,-0.031
2017-05-11 09:55:00,0,0.065,1,0.357,0.357,3450,-0.324,-0.104
2017-05-12 09:55:00,0,0.4,1,0.01,0.01,3450,-0.073,-0.115
2017-05-15 09:55:00,1,0.745,1,0.083,0.083,3450,0.23,-0.042
2017-05-16 09:55:00,0,0.615,0,-0.146,-0.146,3450,-0.01,-0.01
2017-05-17 09:55:00,0,0.27,0,-0.79,-0.79,3450,-0.231,0.021
2017-05-18 09:55:00,1,0.67,1,0.446,0.446,3450,0.234,-0.72
2017-05-19 09:55:00,1,0.97,1,0.126,0.126,3450,0.295,0.211
2017-05-22 09:55:00,1,0.705,1,0.115,0.115,3450,0.241,-0.178
2017-05-23 09:55:00,0,0.61,1,0.157,0.157,3450,-0.094,0.22
2017-05-24 09:55:00,1,0.66,1,0.167,0.167,3450,-0.021,0.083
2017-05-25 09:55:00,1,0.65,1,0.114,0.114,3550,0.093,-0.083
2017-05-26 09:55:00,1,0.655,1,0.01,0.01,3550,0.104,-0.052
2017-05-29 09:55:00,0,0.575,0,-0.114,-0.114,3550,-0.01,-0.01
2017-05-30 09:55:00,0,0.6,1,0.01,0.01,3550,0.041,-0.052
2017-05-31 09:55:00,0,0.23,1,0.187,0.187,3550,-0.404,0.01
2017-06-01 09:55:00,0,0.59,1,0.58,0.58,3550,0.021,0.0
2017-06-02 09:55:00,0,0.385,1,0.35,0.35,3550,-0.123,-0.01
2017-06-05 09:55:00,1,0.65,0,-0.062,-0.062,3550,0.072,0.0
2017-06-06 09:55:00,1,0.705,0,-0.154,-0.154,3550,0.134,0.021
2017-06-07 09:55:00,0,0.61,0,-0.051,-0.051,3550,0.051,-0.092
2017-06-08 09:55:00,0,0.585,1,0.082,0.082,3550,-0.082,0.072
2017-06-09 09:55:00,1,0.81,0,-0.431,-0.431,3550,0.216,0.072
2017-06-12 09:55:00,0,0.055,1,0.31,0.31,3550,-0.217,-0.113
2017-06-13 09:55:00,1,0.655,1,0.195,0.195,3550,0.072,0.041
2017-06-14 09:55:00,0,0.48,0,-0.123,-0.123,3550,-0.113,0.164
2017-06-15 09:55:00,0,0.47,1,0.32,0.32,3550,0.083,-0.432
2017-06-16 09:55:00,0,0.23,1,0.196,0.196,3550,-0.236,0.0
2017-06-19 09:55:00,1,0.695,1,0.317,0.317,3550,0.164,0.062
2017-06-20 09:55:00,0,0.33,0,-0.317,-0.317,3550,-0.133,-0.061
2017-06-21 09:55:00,0,0.54,0,-0.062,-0.062,3550,-0.072,-0.082
2017-06-22 09:55:00,0,0.49,0,-0.041,-0.041,3550,0.051,-0.103
2017-06-23 09:55:00,0,0.415,1,0.165,0.165,3550,-0.113,-0.041
2017-06-26 09:55:00,1,0.92,0,-0.439,-0.439,3550,0.225,0.154
2017-06-27 09:55:00,0,0.475,0,-0.607,-0.607,3550,-0.103,-0.092
2017-06-28 09:55:00,0,0.58,1,0.464,0.464,3550,0.01,0.134
2017-06-29 09:55:00,0,0.035,0,-0.647,-0.647,3550,-0.277,-0.123
2017-06-30 09:55:00,0,0.645,0,-0.144,-0.144,3550,0.041,0.145
2017-07-03 09:55:00,1,0.685,0,-0.308,-0.308,3550,0.082,0.041
2017-07-04 09:55:00,1,0.695,0,-0.216,-0.216,3550,0.072,0.299
2017-07-05 09:55:00,0,0.285,1,0.227,0.227,3550,-0.175,-0.093
2017-07-06 09:55:00,0,0.02,0,-0.3,-0.3,3550,-0.227,-0.278
2017-07-07 09:55:00,1,0.655,1,0.259,0.259,3550,0.155,-0.073
2017-07-10 09:55:00,0,0.5,1,0.217,0.217,3550,-0.093,-0.072
2017-07-11 09:55:00,0,0.37,1,0.062,0.062,3550,-0.031,-0.165
2017-07-12 09:55:00,1,0.815,1,0.041,0.041,3550,0.216,0.155
2017-07-13 09:55:00,1,0.66,1,0.051,0.051,3550,0.072,0.092
2017-07-14 09:55:00,0,0.54,1,0.327,0.327,3550,0.0,-0.072
2017-07-17 09:55:00,0,0.615,0,-0.051,-0.051,3550,0.071,-0.051
2017-07-18 09:55:00,0,0.585,1,0.224,0.224,3550,0.01,0.092
2017-07-19 09:55:00,1,0.69,1,0.243,0.243,3550,0.183,-0.01
2017-07-20 09:55:00,0,0.61,0,-0.091,-0.091,3550,0.03,0.061
2017-07-21 09:55:00,0,0.335,1,0.213,0.213,3550,-0.162,0.051
2017-07-24 09:55:00,0,0.54,1,0.081,0.081,3550,-0.051,-0.061
2017-07-25 09:55:00,0,0.605,0,-0.03,-0.03,3550,0.02,0.101
2017-07-26 09:55:00,0,0.55,0,-0.061,-0.061,3550,-0.101,0.162
2017-07-27 09:55:00,0,0.575,0,-0.151,-0.151,3550,-0.081,-0.02
2017-07-28 09:55:00,0,0.575,1,0.172,0.172,3550,-0.081,-0.01
2017-07-31 09:55:00,0,0.405,0,-0.111,-0.111,3550,-0.141,0.203
2017-08-01 09:55:00,0,0.26,1,0.132,0.132,3550,-0.202,0.101
2017-08-02 09:55:00,0,0.375,1,0.101,0.101,3550,-0.131,-0.01
2017-08-03 09:55:00,0,0.32,0,-0.01,-0.01,3550,-0.172,-0.03
2017-08-04 09:55:00,0,0.545,1,0.061,0.061,3550,-0.091,0.081
2017-08-07 09:55:00,0,0.565,1,0.121,0.121,3550,0.03,-0.091
2017-08-08 09:55:00,0,0.61,0,-0.131,-0.131,3550,0.03,0.04
2017-08-09 09:55:00,0,0.47,1,0.203,0.203,3550,0.081,-0.233
2017-08-10 09:55:00,0,0.05,0,-0.844,-0.844,3550,-0.203,-0.142
2017-08-11 09:55:00,0,0.54,0,-0.031,-0.031,3550,0.0,-0.082
2017-08-14 09:55:00,1,0.98,1,0.132,0.132,3550,0.255,0.214
2017-08-15 09:55:00,0,0.34,0,-0.091,-0.091,3550,-0.132,-0.061
2017-08-16 09:55:00,1,0.65,0,-0.101,-0.101,3550,0.03,0.264
2017-08-17 09:55:00,0,0.4,0,-1.21,-1.21,3550,-0.122,0.0
2017-08-18 09:55:00,0,0.03,1,0.196,0.196,3550,-0.473,-0.154
2017-08-21 09:55:00,0,0.225,1,0.248,0.248,3550,-0.196,-0.041
2017-08-22 09:55:00,1,0.9,1,0.451,0.451,3550,0.246,-0.082
2017-08-23 09:55:00,0,0.535,0,-0.102,-0.102,3550,0.113,-0.102
2017-08-24 09:55:00,0,0.275,0,-0.061,-0.061,3550,-0.357,0.246
2017-08-25 09:55:00,1,0.705,0,-0.306,-0.306,3550,0.102,0.102
2017-08-28 09:55:00,0,0.37,0,-0.02,-0.02,3550,-0.153,0.092
2017-08-29 09:55:00,0,0.595,1,0.431,0.431,3550,0.216,-0.195
2017-08-30 09:55:00,1,0.655,1,0.378,0.378,3550,0.164,-0.051
2017-08-31 09:55:00,1,0.735,1,0.172,0.172,3550,0.173,0.275
2017-09-01 09:55:00,0,0.58,1,0.02,0.02,3550,-0.03,0.051
2017-09-04 09:55:00,0,0.575,1,0.071,0.071,3550,0.0,0.0
2017-09-05 09:55:00,1,0.65,0,-0.526,-0.526,3550,0.061,-0.01
2017-09-06 09:55:00,0,0.58,1,0.071,0.071,3550,-0.051,0.051
2017-09-07 09:55:00,0,0.53,0,0.0,0.0,3550,-0.101,0.112
2017-09-08 09:55:00,1,0.65,0,-0.071,-0.071,3550,0.081,-0.041
2017-09-11 09:55:00,1,0.945,1,0.242,0.242,3550,0.253,0.091
2017-09-12 09:55:00,1,0.71,1,0.11,0.11,3550,0.121,0.09
2017-09-13 09:55:00,0,0.625,1,0.1,0.1,3550,0.06,-0.04
2017-09-14 09:55:00,1,0.705,1,0.07,0.07,3550,0.131,0.06
2017-09-15 09:55:00,0,0.605,1,0.241,0.241,3550,0.03,-0.01
2017-09-18 09:55:00,1,0.69,0,-0.11,-0.11,3550,0.18,-0.01
2017-09-19 09:55:00,0,0.585,1,0.11,0.11,3550,-0.08,0.07
2017-09-20 09:55:00,0,0.585,1,0.03,0.03,3550,0.0,0.07
2017-09-21 09:55:00,0,0.23,0,0.0,0.0,3550,-0.22,0.01
2017-09-22 09:55:00,0,0.635,1,0.11,0.11,3550,0.04,0.13
2017-09-25 09:55:00,0,0.6,0,-0.11,-0.11,3550,0.03,-0.03
2017-09-26 09:55:00,1,0.695,0,-0.2,-0.2,3550,0.09,0.06
2017-09-27 09:55:00,1,0.65,1,0.11,0.11,3550,0.05,0.0
2017-09-28 09:55:00,0,0.615,1,0.2,0.2,3550,0.05,-0.08
2017-09-29 09:55:00,0,0.59,1,0.359,0.359,3550,0.02,0.01
2017-10-02 09:55:00,1,0.7,1,0.169,0.169,3550,0.139,-0.02
2017-10-03 09:55:00,0,0.54,1,0.129,0.129,3550,0.01,-0.049
2017-10-04 09:55:00,1,0.65,1,0.148,0.148,3550,0.059,-0.01
2017-10-05 09:55:00,0,0.62,1,0.414,0.414,3550,0.039,0.049
2017-10-06 09:55:00,1,0.69,1,0.039,0.039,3550,0.098,-0.01
2017-10-09 09:55:00,0,0.37,0,-0.118,-0.118,3550,-0.147,0.02
2017-10-10 09:55:00,1,0.66,0,-0.039,-0.039,3550,0.059,0.069
2017-10-11 09:55:00,0,0.54,1,0.226,0.226,3550,0.01,-0.069
2017-10-12 09:55:00,1,0.72,1,0.02,0.02,3650,0.01,-0.02
2017-10-13 09:55:00,1,0.715,0,-0.01,-0.01,3650,-0.078,0.029
2017-10-16 09:55:00,1,0.84,0,-0.039,-0.039,3650,0.088,-0.029
2017-10-17 09:55:00,1,0.705,1,0.078,0.078,3650,-0.01,-0.039
2017-10-18 09:55:00,1,0.73,0,-0.01,-0.01,3650,-0.049,0.098
2017-10-19 09:55:00,0,0.455,1,0.5,0.5,3650,-0.108,-0.342
2017-10-20 09:55:00,1,0.765,1,0.204,0.204,3650,0.039,-0.019
2017-10-23 09:55:00,1,0.73,0,-0.437,-0.437,3650,-0.068,0.107
2017-10-24 09:55:00,0,0.225,1,0.146,0.146,3650,-0.165,0.01
2017-10-25 09:55:00,0,0.24,0,-0.186,-0.186,3650,-0.166,0.059
2017-10-26 09:55:00,1,0.8,0,-0.176,-0.176,3650,0.068,0.0
2017-10-27 09:55:00,1,0.745,1,0.458,0.458,3650,0.0,0.234
2017-10-30 09:55:00,1,0.805,0,-0.204,-0.204,3650,0.058,0.029
2017-10-31 09:55:00,0,0.59,1,0.068,0.068,3650,-0.097,0.117
2017-11-01 09:55:00,1,0.85,0,-0.31,-0.31,3650,0.077,0.155
2017-11-02 09:55:00,1,0.73,1,0.107,0.107,3650,-0.068,0.078
2017-11-03 09:55:00,0,0.55,1,0.369,0.369,3650,-0.107,0.0
2017-11-06 09:55:00,1,0.865,1,0.087,0.087,3650,0.116,-0.01
2017-11-07 09:55:00,1,0.77,0,-0.193,-0.193,3650,0.116,-0.154
2017-11-08 09:55:00,0,0.59,1,0.348,0.348,3650,-0.097,0.068
2017-11-09 09:55:00,1,0.69,1,0.184,0.184,3650,-0.048,-0.077
2017-11-10 09:55:00,0,0.625,1,0.146,0.146,3650,-0.029,-0.213
2017-11-13 09:55:00,1,0.855,1,0.204,0.204,3650,0.243,-0.126
2017-11-14 09:55:00,0,0.55,1,0.204,0.204,3650,-0.107,0.01
2017-11-15 09:55:00,0,0.02,1,0.195,0.195,3650,-0.321,-0.234
2017-11-16 09:55:00,1,0.815,1,0.388,0.388,3650,0.068,0.068
2017-11-17 09:55:00,1,0.71,0,-0.165,-0.165,3650,-0.058,-0.019
2017-11-20 09:55:00,1,0.82,1,0.068,0.068,3650,0.068,0.185
2017-11-21 09:55:00,1,0.89,1,0.116,0.116,3650,0.135,0.242
2017-11-22 09:55:00,1,0.705,0,-0.077,-0.077,3650,-0.01,-0.048
2017-11-23 09:55:00,1,0.745,0,-0.029,-0.029,3650,-0.019,0.174
2017-11-24 09:55:00,1,0.74,0,-0.096,-0.096,3650,-0.01,0.106
2017-11-27 09:55:00,1,0.875,0,-0.125,-0.125,3650,0.106,0.154
2017-11-28 09:55:00,1,0.745,1,0.806,0.806,3650,0.01,0.173
2017-11-29 09:55:00,1,0.885,0,-0.294,-0.294,3650,0.181,0.086
2017-11-30 09:55:00,1,0.885,1,0.37,0.37,3650,0.142,0.276
2017-12-01 09:55:00,1,0.705,0,-0.142,-0.142,3650,0.047,-0.378
2017-12-04 09:55:00,1,0.865,0,-0.855,-0.855,3650,0.122,0.009
2017-12-05 09:55:00,0,0.615,0,-0.369,-0.369,3650,-0.057,-0.255
2017-12-06 09:55:00,1,0.835,0,-0.01,-0.01,3650,0.086,-0.038
2017-12-07 09:55:00,1,0.85,1,0.209,0.209,3650,0.181,-0.057
2017-12-08 09:55:00,1,0.73,1,0.189,0.189,3650,-0.047,0.085
2017-12-11 09:55:00,1,0.86,1,0.16,0.16,3650,0.113,0.0
2017-12-12 09:55:00,1,0.71,1,0.056,0.056,3650,-0.047,-0.009
2017-12-13 09:55:00,1,0.875,0,-0.243,-0.243,3650,0.14,0.131
2017-12-14 09:55:00,1,0.725,0,-0.552,-0.552,3650,-0.056,0.047
2017-12-15 09:55:00,1,0.86,1,0.403,0.403,3650,0.113,-0.009
2017-12-18 09:55:00,1,0.88,0,-0.065,-0.065,3650,0.158,0.102
2017-12-19 09:55:00,0,0.14,0,-0.26,-0.26,3650,-0.204,0.083
2017-12-20 09:55:00,0,0.13,0,-0.158,-0.158,3650,-0.223,0.112
2017-12-21 09:55:00,0,0.42,1,0.102,0.102,3650,-0.112,0.103
2017-12-22 09:55:00,1,0.72,0,0.0,0.0,3650,0.019,0.0
2017-12-26 09:55:00,1,0.8,1,0.028,0.028,3650,0.047,0.0
2017-12-27 09:55:00,0,0.435,0,-0.112,-0.112,3650,-0.111,0.065
2017-12-28 09:55:00,0,0.4,1,0.056,0.056,3650,-0.112,0.009
2017-12-29 09:55:00,0,0.14,0,-0.409,-0.409,3650,-0.223,0.223
2018-01-02 09:55:00,1,0.845,1,0.307,0.307,3650,0.112,-0.037
2018-01-03 09:55:00,1,0.975,1,0.333,0.333,3650,0.25,0.083
2018-01-04 09:55:00,1,0.96,0,-0.055,-0.055,3650,0.248,0.028
2018-01-05 09:55:00,1,0.65,1,0.394,0.394,3650,-0.091,0.211
2018-01-08 09:55:00,1,0.785,1,0.219,0.219,3650,0.046,-0.036
2018-01-09 09:55:00,1,0.73,1,0.118,0.118,3650,-0.073,0.082
2018-01-10 09:55:00,0,0.535,1,0.283,0.283,3650,-0.091,-0.436
2018-01-11 09:55:00,1,0.86,1,0.39,0.39,3650,0.154,0.009
2018-01-12 09:55:00,1,0.975,1,0.324,0.324,3650,0.298,0.199
2018-01-15 09:55:00,1,0.805,0,0.0,0.0,3650,0.045,0.027
2018-01-16 09:55:00,1,0.96,0,-1.069,-1.069,3650,0.205,0.197
2018-01-17 09:55:00,0,0.14,1,0.818,0.818,3650,-0.403,0.252
2018-01-18 09:55:00,1,0.845,0,-0.152,-0.152,3650,0.107,-0.036
2018-01-19 09:55:00,1,0.98,1,0.241,0.241,3650,0.223,0.367
2018-01-22 09:55:00,1,0.95,1,0.737,0.737,3650,0.214,0.009
2018-01-23 09:55:00,1,0.835,1,0.203,0.203,3650,0.097,-0.053
2018-01-24 09:55:00,1,0.87,0,-0.412,-0.412,3650,0.097,0.088
2018-01-25 09:55:00,0,0.14,1,0.123,0.123,3650,-0.561,0.247
2018-01-26 09:55:00,1,0.745,1,0.754,0.754,3650,0.026,0.202
2018-01-29 09:55:00,1,0.765,0,-0.558,-0.558,3650,0.14,-0.209
2018-01-30 09:55:00,0,0.085,0,-0.106,-0.106,3650,-0.291,-0.088
2018-01-31 09:55:00,1,0.735,0,-0.3,-0.3,3650,-0.009,0.124
2018-02-01 09:55:00,1,0.84,0,-0.044,-0.044,3650,0.195,-0.194
2018-02-02 09:55:00,0,0.02,0,-1.411,-1.411,3650,-0.241,-0.63
2018-02-05 09:55:00,1,0.705,0,-3.635,-3.635,3650,-0.073,-0.027
2018-02-06 09:55:00,1,0.98,1,1.278,1.278,3650,2.062,1.519
2018-02-07 09:55:00,1,0.86,0,-0.906,-0.906,3650,0.82,-0.253
2018-02-08 09:55:00,0,0.02,0,-3.482,-3.482,3650,-0.447,-0.337
2018-02-09 09:55:00,1,0.745,1,0.364,0.364,3650,0.0,0.452
2018-02-12 09:55:00,0,0.405,1,0.607,0.607,3650,-0.114,0.484
2018-02-13 09:55:00,0,0.625,1,0.776,0.776,3650,0.019,-0.189
2018-02-14 09:55:00,1,0.975,1,1.763,1.763,3650,0.407,0.178
2018-02-15 09:55:00,1,0.89,1,0.58,0.58,3650,0.129,0.36
2018-02-16 09:55:00,0,0.645,1,0.128,0.128,3650,-0.092,0.1
2018-02-19 09:55:00,0,0.28,0,-0.247,-0.247,3650,-0.119,-0.182
2018-02-20 09:55:00,1,0.825,0,-0.303,-0.303,3650,0.193,-0.421
2018-02-21 09:55:00,1,0.86,0,-0.99,-0.99,3650,0.405,-0.157
2018-02-22 09:55:00,1,0.885,0,-0.341,-0.341,3650,0.111,0.362
2018-02-23 09:55:00,0,0.635,1,1.039,1.039,3650,0.028,-0.339
2018-02-26 09:55:00,1,0.885,1,0.615,0.615,3650,0.154,0.282
2018-02-27 09:55:00,0,0.39,0,-1.215,-1.215,3650,-0.117,0.036
2018-02-28 09:55:00,1,0.97,0,-1.765,-1.765,3650,0.363,0.164
2018-03-01 09:55:00,0,0.015,0,-0.944,-0.944,3650,-0.543,-0.129
2018-03-02 09:55:00,0,0.02,1,1.347,1.347,3650,-0.291,-0.56
2018-03-05 09:55:00,1,0.845,1,1.558,1.558,3750,0.037,0.645
2018-03-06 09:55:00,1,0.755,1,0.083,0.083,3750,-0.073,0.028
2018-03-07 09:55:00,1,0.9,1,0.637,0.637,3750,0.148,0.167
2018-03-08 09:55:00,1,0.825,1,0.284,0.284,3750,0.055,-0.009
2018-03-09 09:55:00,1,0.815,1,1.05,1.05,3750,0.054,0.146
2018-03-12 09:55:00,1,0.92,0,-0.393,-0.393,3750,0.197,-0.089
2018-03-13 09:55:00,1,0.84,0,-1.16,-1.16,3750,0.08,0.143
2018-03-14 09:55:00,0,0.29,0,-0.739,-0.739,3750,-0.144,0.47
2018-03-15 09:55:00,0,0.245,0,-0.082,-0.082,3750,-0.145,-0.018
2018-03-16 09:55:00,1,0.84,0,-0.245,-0.245,3750,0.082,0.036
2018-03-19 09:55:00,0,0.11,0,-0.831,-0.831,3750,-0.146,-0.182
2018-03-20 09:55:00,0,0.085,0,0.0,0.0,3750,-0.165,-0.293
2018-03-21 09:55:00,0,0.075,0,-0.083,-0.083,3750,-0.175,-0.147
2018-03-22 09:55:00,0,0.135,0,-1.526,-1.526,3750,-0.139,-0.827
2018-03-23 09:55:00,1,0.935,0,-2.257,-2.257,3750,0.199,0.095
2018-03-26 09:55:00,1,0.935,1,0.997,0.997,3750,0.181,0.64
2018-03-27 09:55:00,0,0.365,0,-1.914,-1.914,3750,-0.131,0.29
2018-03-28 09:55:00,1,0.825,0,-0.544,-0.544,3750,0.239,-0.134
2018-03-29 09:55:00,0,0.175,1,1.149,1.149,3750,-0.201,0.393
2018-04-02 09:55:00,0,0.14,0,-1.686,-1.686,3750,-0.408,0.019
2018-04-03 09:55:00,0,0.135,1,0.966,0.966,3750,-0.241,0.145
2018-04-04 09:55:00,1,0.825,1,2.173,2.173,3750,0.398,-1.065
2018-04-05 09:55:00,1,0.755,1,0.085,0.085,3750,-0.047,0.132
2018-04-06 09:55:00,1,0.99,0,-1.848,-1.848,3750,0.303,0.342
2018-04-09 09:55:00,1,0.95,0,-0.448,-0.448,3750,0.325,0.105
2018-04-10 09:55:00,0,0.14,1,0.615,0.615,3750,-0.255,-0.047
2018-04-11 09:55:00,1,0.955,0,-0.255,-0.255,3750,0.627,-0.047
2018-04-12 09:55:00,1,0.95,0,-0.225,-0.225,3750,0.593,0.085
2018-04-13 09:55:00,0,0.175,0,-0.524,-0.524,3750,-0.299,0.329
2018-04-16 09:55:00,0,0.175,1,0.337,0.337,3750,-0.308,0.244
2018-04-17 09:55:00,1,0.825,1,0.287,0.287,3750,0.056,0.009
2018-04-18 09:55:00,0,0.44,0,-0.129,-0.129,3750,-0.12,-0.018
2018-04-19 09:55:00,0,0.63,0,-0.176,-0.176,3750,-0.083,-0.138
2018-04-20 09:55:00,0,0.14,0,-0.66,-0.66,3750,-0.213,-0.065
2018-04-23 09:55:00,0,0.2,0,-0.168,-0.168,3750,-0.131,-0.392
2018-04-24 09:55:00,0,0.155,0,-1.606,-1.606,3750,-0.289,0.168
2018-04-25 09:55:00,0,0.14,1,0.976,0.976,3750,-0.504,-0.029
2018-04-26 09:55:00,1,0.79,1,0.509,0.509,3750,-0.047,0.189
2018-04-27 09:55:00,0,0.14,1,0.056,0.056,3750,-0.262,-0.028
2018-04-30 09:55:00,1,0.78,0,-1.176,-1.176,3750,0.009,0.065
2018-05-01 09:55:00,0,0.075,1,0.407,0.407,3750,-0.17,-0.32
2018-05-02 09:55:00,0,0.155,0,-0.369,-0.369,3750,-0.264,0.17
2018-05-03 09:55:00,1,0.88,1,0.172,0.172,3750,0.115,0.076
2018-05-04 09:55:00,1,0.82,1,1.342,1.342,3750,0.067,-0.029
2018-05-07 09:55:00,1,0.955,0,-0.317,-0.317,3750,0.262,-0.065
2018-05-08 09:55:00,0,0.075,1,0.291,0.291,3750,-0.178,-0.29
2018-05-09 09:55:00,1,0.795,1,0.71,0.71,3750,-0.037,0.459
2018-05-10 09:55:00,1,0.77,1,0.517,0.517,3750,0.111,-0.102
2018-05-11 09:55:00,1,0.945,0,-0.046,-0.046,3750,0.202,0.0
2018-05-14 09:55:00,1,0.77,0,-0.301,-0.301,3750,0.183,-0.128
2018-05-15 09:55:00,0,0.135,1,0.259,0.259,3750,-0.414,0.138
2018-05-16 09:55:00,1,0.955,1,0.156,0.156,3750,0.481,-0.083
2018-05-17 09:55:00,1,0.79,1,0.046,0.046,3750,0.009,0.0
2018-05-18 09:55:00,1,0.845,0,-0.092,-0.092,3750,0.083,0.018
2018-05-21 09:55:00,1,0.895,1,0.009,0.009,3750,0.137,-0.018
2018-05-22 09:55:00,1,0.82,0,-0.502,-0.502,3750,0.055,0.155
2018-05-23 09:55:00,1,0.81,1,0.654,0.654,3750,0.203,-0.505
2018-05-24 09:55:00,0,0.175,1,0.359,0.359,3750,-0.348,0.211
2018-05-25 09:55:00,1,0.845,0,-0.046,-0.046,3750,0.083,-0.027
2018-05-28 09:55:00,1,0.69,1,0.018,0.018,3750,0.046,-0.238
2018-05-29 09:55:00,1,0.69,0,-0.665,-0.665,3750,0.065,-0.635
2018-05-30 09:55:00,1,0.82,1,0.795,0.795,3750,0.019,0.334
2018-05-31 09:55:00,0,0.135,0,-0.396,-0.396,3750,-0.33,0.083
2018-06-01 09:55:00,1,0.935,1,0.266,0.266,3750,0.175,0.369
2018-06-04 09:55:00,1,0.99,0,-0.045,-0.045,3750,0.21,0.21
2018-06-05 09:55:00,1,0.935,0,-0.009,-0.009,3750,0.173,0.282
2018-06-06 09:55:00,0,0.275,1,0.763,0.763,3750,-0.136,0.036
2018-06-07 09:55:00,1,0.845,0,-0.252,-0.252,3750,0.081,-0.027
2018-06-08 09:55:00,1,0.775,1,0.334,0.334,3750,0.19,-0.352
2018-06-11 09:55:00,1,0.9,1,0.045,0.045,3750,0.099,0.189
2018-06-12 09:55:00,0,0.63,1,0.117,0.117,3750,-0.081,-0.126
2018-06-13 09:55:00,1,0.76,0,-0.403,-0.403,3750,-0.018,-0.072
2018-06-14 09:55:00,1,0.78,1,0.009,0.009,3750,0.018,0.072
2018-06-15 09:55:00,1,0.76,1,0.27,0.27,3750,0.126,-0.386
2018-06-18 09:55:00,1,0.765,1,0.389,0.389,3750,-0.045,0.009
2018-06-19 09:55:00,1,0.685,1,0.5,0.5,3750,0.027,-0.109
2018-06-20 09:55:00,1,0.755,0,-0.117,-0.117,3750,-0.009,0.081
2018-06-21 09:55:00,0,0.63,0,-0.461,-0.461,3750,-0.072,-0.665
2018-06-22 09:55:00,0,0.275,0,-0.181,-0.181,3750,-0.145,0.208
2018-06-25 09:55:00,0,0.145,0,-0.375,-0.375,3750,-0.565,0.0
2018-06-26 09:55:00,1,0.655,1,0.009,0.009,3750,0.018,-0.202
2018-06-27 09:55:00,1,0.825,0,-1.468,-1.468,3750,0.513,-0.156
2018-06-28 09:55:00,1,0.95,1,0.555,0.555,3750,0.306,0.037
2018-06-29 09:55:00,1,0.95,0,-0.576,-0.576,3750,0.367,0.037
2018-07-02 09:55:00,1,0.89,1,0.683,0.683,3750,0.139,-0.028
2018-07-03 09:55:00,0,0.25,0,-0.786,-0.786,3750,-0.164,0.266
2018-07-04 09:55:00,1,0.755,0,-0.129,-0.129,3750,-0.083,0.028
2018-07-05 09:55:00,0,0.175,1,0.477,0.477,3750,-0.238,0.395
2018-07-06 09:55:00,1,0.825,1,0.629,0.629,3750,0.247,-0.373
2018-07-09 09:55:00,1,0.885,1,0.369,0.369,3750,0.153,0.063
2018-07-10 09:55:00,1,0.815,1,0.09,0.09,3750,0.063,0.045
2018-07-11 09:55:00,1,0.88,0,-0.153,-0.153,3750,0.108,-0.054
2018-07-12 09:55:00,1,0.755,1,0.403,0.403,3750,-0.072,0.108
2018-07-13 09:55:00,0,0.62,1,0.277,0.277,3750,-0.089,-0.267
2018-07-16 09:55:00,1,0.765,0,-0.009,-0.009,3750,-0.045,-0.018
2018-07-17 09:55:00,1,0.885,1,0.581,0.581,3750,0.134,0.045
2018-07-18 09:55:00,1,0.78,1,0.24,0.24,3750,0.009,0.044
2018-07-19 09:55:00,0,0.15,1,0.08,0.08,3750,-0.134,-0.142
2018-07-20 09:55:00,1,0.95,0,-0.107,-0.107,3750,0.313,0.071
2018-07-23 09:55:00,1,0.785,1,0.268,0.268,3750,0.009,0.018
2018-07-24 09:55:00,1,0.85,0,-0.177,-0.177,3850,0.142,0.053
2018-07-25 09:55:00,1,0.86,1,0.814,0.814,3850,0.186,0.098
2018-07-26 09:55:00,1,0.85,0,-0.053,-0.053,3850,0.15,0.106
2018-07-27 09:55:00,0,0.1,0,-0.555,-0.555,3850,-0.29,0.018
2018-07-30 09:55:00,0,0.405,0,-0.373,-0.373,3850,-0.115,0.231
2018-07-31 09:55:00,1,0.83,1,0.187,0.187,3850,0.098,-0.053
2018-08-01 09:55:00,1,0.76,0,-0.275,-0.275,3850,0.044,-0.107
2018-08-02 09:55:00,1,0.815,1,0.838,0.838,3850,0.206,-0.41
2018-08-03 09:55:00,1,0.77,1,0.407,0.407,3850,0.035,0.044
2018-08-06 09:55:00,1,0.795,1,0.326,0.326,3850,0.106,-0.106
2018-08-07 09:55:00,1,0.845,0,-0.026,-0.026,3850,0.131,0.131
2018-08-08 09:55:00,1,0.75,1,0.096,0.096,3850,-0.035,0.026
2018-08-09 09:55:00,1,0.765,0,-0.149,-0.149,3850,-0.035,-0.009
2018-08-10 09:55:00,0,0.055,0,-0.044,-0.044,3850,-0.158,-0.202
2018-08-13 09:55:00,1,0.885,0,-0.642,-0.642,3850,0.203,0.08
2018-08-14 09:55:00,1,0.745,1,0.309,0.309,3850,-0.044,0.088
2018-08-15 09:55:00,0,0.025,1,0.151,0.151,3850,-0.283,-0.123
2018-08-16 09:55:00,1,0.865,1,0.203,0.203,3850,0.15,-0.026
2018-08-17 09:55:00,1,0.685,1,0.387,0.387,3850,0.018,-0.141
2018-08-20 09:55:00,1,0.835,1,0.131,0.131,3850,-0.026,0.237
2018-08-21 09:55:00,1,0.965,0,-0.2,-0.2,3850,0.253,0.184
2018-08-22 09:55:00,1,0.785,1,0.149,0.149,3850,0.053,0.044
2018-08-23 09:55:00,1,0.82,0,-0.244,-0.244,3850,0.105,0.052
2018-08-24 09:55:00,1,0.785,1,0.366,0.366,3850,0.052,0.035
2018-08-27 09:55:00,1,0.9,1,0.147,0.147,3850,0.199,0.009
2018-08-28 09:55:00,1,0.75,0,-0.112,-0.112,3850,-0.026,0.103
2018-08-29 09:55:00,1,0.815,1,0.448,0.448,3850,0.103,-0.086
2018-08-30 09:55:00,1,0.75,0,-0.224,-0.224,3850,-0.052,-0.069
2018-08-31 09:55:00,1,0.8,1,0.017,0.017,3850,0.19,-0.172
2018-09-03 09:55:00,1,0.865,0,-0.112,-0.112,3850,0.043,0.181
2018-09-04 09:55:00,0,0.03,1,0.234,0.234,3850,-0.242,-0.189
2018-09-05 09:55:00,1,0.66,1,0.069,0.069,3850,-0.078,-0.216
2018-09-06 09:55:00,1,0.78,0,-0.441,-0.441,3850,0.052,0.13
2018-09-07 09:55:00,1,0.81,0,-0.078,-0.078,3850,0.27,-0.122
2018-09-10 09:55:00,1,0.82,0,-0.182,-0.182,3850,-0.052,0.2
2018-09-11 09:55:00,1,0.78,1,0.452,0.452,3850,0.165,-0.347
2018-09-12 09:55:00,1,0.75,1,0.087,0.087,3850,-0.026,0.026
2018-09-13 09:55:00,1,0.965,1,0.052,0.052,3850,0.198,0.191
2018-09-14 09:55:00,1,0.735,0,-0.017,-0.017,3850,-0.051,0.112
2018-09-17 09:55:00,1,0.745,0,-0.387,-0.387,3850,-0.077,0.009
2018-09-18 09:55:00,1,0.875,1,0.232,0.232,3850,0.078,0.259
2018-09-19 09:55:00,1,0.87,1,0.017,0.017,3850,0.181,-0.06
2018-09-20 09:55:00,1,0.785,1,0.29,0.29,3850,0.051,0.103
2018-09-21 09:55:00,1,0.775,0,-0.289,-0.289,3850,0.017,0.0
2018-09-24 09:55:00,1,0.765,0,-0.085,-0.085,3850,-0.026,-0.009
2018-09-25 09:55:00,0,0.12,0,-0.171,-0.171,3850,-0.154,0.128
2018-09-26 09:55:00,1,0.77,0,-0.436,-0.436,3850,-0.009,-0.026
2018-09-27 09:55:00,1,0.835,1,0.009,0.009,3850,0.111,0.052
2018-09-28 09:55:00,1,0.775,1,0.094,0.094,3850,0.137,-0.128
2018-10-01 09:55:00,1,0.855,0,-0.315,-0.315,3850,0.179,0.119
2018-10-02 09:55:00,1,0.765,0,-0.051,-0.051,3850,0.111,-0.145
2018-10-03 09:55:00,1,0.705,0,-0.238,-0.238,3850,-0.085,0.128
2018-10-04 09:55:00,0,0.46,0,-0.428,-0.428,3850,-0.111,-0.009
2018-10-05 09:55:00,1,0.68,0,-0.533,-0.533,3850,-0.017,-0.12
2018-10-08 09:55:00,1,0.72,1,0.052,0.052,3850,0.078,-0.225
2018-10-09 09:55:00,1,0.785,0,-0.13,-0.13,3850,0.173,-0.32
2018-10-10 09:55:00,0,0.095,0,-2.3,-2.3,3850,-0.703,-0.087
2018-10-11 09:55:00,1,0.97,0,-2.359,-2.359,3850,0.62,0.209
2018-10-12 09:55:00,1,0.72,0,-0.225,-0.225,3850,0.081,-0.234
2018-10-15 09:55:00,0,0.135,0,-0.299,-0.299,3850,-0.172,0.009
2018-10-16 09:55:00,1,0.9,1,1.197,1.197,3850,0.28,-0.018
2018-10-17 09:55:00,0,0.03,1,0.455,0.455,3850,-0.312,-0.213
2018-10-18 09:55:00,0,0.185,0,-0.814,-0.814,3850,-0.392,0.232
2018-10-19 09:55:00,1,0.815,0,-0.806,-0.806,3850,0.359,-0.332
2018-10-22 09:55:00,0,0.11,0,-0.109,-0.109,3850,-0.594,-0.072
2018-10-23 09:55:00,0,0.035,1,1.05,1.05,3850,-0.193,-0.22
2018-10-24 09:55:00,0,0.03,0,-2.78,-2.78,3850,-0.31,-0.411
2018-10-25 09:55:00,1,0.97,1,0.773,0.773,3850,0.289,0.918
2018-10-26 09:55:00,0,0.05,0,-0.207,-0.207,3850,-0.169,-0.45
2018-10-29 09:55:00,0,0.375,0,-1.921,-1.921,3850,-0.12,0.667
2018-10-30 09:55:00,1,0.815,1,0.421,0.421,3850,0.925,-0.216
2018-10-31 09:55:00,1,0.885,0,-0.303,-0.303,3850,0.258,0.065
2018-11-01 09:55:00,1,0.845,1,0.81,0.81,3850,0.009,0.239
2018-11-02 09:55:00,0,0.115,0,-0.955,-0.955,3850,-0.281,-0.018
2018-11-05 09:55:00,1,0.75,1,0.468,0.468,3850,-0.009,0.147
2018-11-06 09:55:00,1,0.815,1,0.191,0.191,3850,0.595,-0.456
2018-11-07 09:55:00,1,0.87,1,1.278,1.278,3850,0.054,0.778
2018-11-08 09:55:00,1,0.815,0,-0.169,-0.169,3850,0.205,-0.311
2018-11-09 09:55:00,0,0.03,0,-0.215,-0.215,3850,-0.277,-0.463
2018-11-12 09:55:00,0,0.03,0,-1.142,-1.142,3850,-0.541,-0.305
2018-11-13 09:55:00,1,0.75,0,-0.466,-0.466,3850,-0.1,0.238
2018-11-14 09:55:00,1,0.805,0,-1.422,-1.422,3850,0.082,-0.018
2018-11-15 09:55:00,0,0.1,1,1.656,1.656,3850,-0.325,0.046
2018-11-16 09:55:00,1,0.815,1,0.367,0.367,3850,0.23,-0.229
2018-11-19 09:55:00,0,0.1,0,-1.238,-1.238,3850,-0.201,0.091
2018-11-20 09:55:00,0,0.03,0,-0.17,-0.17,3850,-0.348,-0.437
2018-11-21 09:55:00,1,0.71,0,-0.385,-0.385,3850,0.066,-0.141
2018-11-22 09:55:00,1,0.69,0,-0.009,-0.009,3850,0.009,-0.546
2018-11-23 09:55:00,1,0.895,0,-0.066,-0.066,3850,0.399,-0.038
2018-11-26 09:55:00,1,0.97,1,0.112,0.112,3850,0.442,0.643
2018-11-27 09:55:00,1,0.9,1,0.657,0.657,3850,0.207,-0.019
2018-11-28 09:55:00,1,0.715,1,1.931,1.931,3850,-0.093,-0.019
2018-11-29 09:55:00,1,0.685,1,0.128,0.128,3850,0.009,-0.137
2018-11-30 09:55:00,1,0.715,1,0.556,0.556,3850,0.073,-0.292
2018-12-03 09:55:00,0,0.075,1,0.108,0.108,3850,-0.384,-0.107
2018-12-04 09:55:00,0,0.185,0,-2.62,-2.62,3850,-0.314,0.307
2018-12-06 09:55:00,0,0.03,1,1.831,1.831,3850,-0.488,-0.45
2018-12-07 09:55:00,1,0.815,0,-2.49,-2.49,3850,0.4,-0.149
2018-12-10 09:55:00,0,0.185,1,0.918,0.918,3850,-0.863,0.506
2018-12-11 09:55:00,0,0.185,0,-1.134,-1.134,3850,-0.224,0.645
