trade_num,date,target_value,pnl,cumsum_pnl,pnl_decimal,portfolio_value,compound_return_pct,actual_profitable,hit_rate_cumulative,drawdown,drawdown_pct
1,2012-10-08 09:50:00,-0.3552,-0.3552,-0.3552,-0.003552,99.6448,-0.3551999999999964,0,0.0,0.0,-0.0
2,2012-10-19 09:50:00,-1.8701,-1.8701,-2.2253000000000003,-0.018701000000000002,97.7813425952,-2.2186574047999983,0,0.0,-1.8701000000000003,526.4921171171171
3,2012-10-22 09:50:00,0.3642,0.3642,-1.8611000000000002,0.0036420000000000003,98.13746224493171,-1.8625377550682884,1,0.3333333333333333,-1.5059000000000002,423.95833333333337
4,2012-11-01 09:50:00,0.6669,0.6669,-1.1942000000000002,0.0066690000000000004,98.79194098064316,-1.2080590193568383,1,0.5,-0.8390000000000002,236.204954954955
5,2012-11-05 09:50:00,0.6508,0.6508,-0.5434000000000001,0.006508000000000001,99.43487893254519,-0.565121067454811,1,0.6,-0.1882000000000001,52.984234234234265
6,2012-11-09 09:50:00,0.2234,0.2234,-0.3200000000000001,0.002234,99.6570164520805,-0.34298354791950203,1,0.6666666666666666,0.0,-0.0
7,2012-11-15 09:50:00,-0.2506,-0.2506,-0.5706000000000001,-0.002506,99.40727596885158,-0.5927240311484212,0,0.5714285714285714,-0.2506,78.31249999999996
8,2012-12-04 09:50:00,-0.0094,-0.0094,-0.5800000000000001,-9.400000000000001e-05,99.3979316849105,-0.6020683150894968,0,0.5,-0.25999999999999995,81.24999999999996
9,2012-12-13 09:50:00,-0.6767,-0.6767,-1.2567,-0.006767,98.72530588119872,-1.2746941188012784,0,0.4444444444444444,-0.9366999999999999,292.7187499999999
10,2012-12-20 09:50:00,0.3482,0.3482,-0.9084999999999999,0.0034820000000000003,99.06906739627705,-0.9309326037229511,1,0.5,-0.5884999999999998,183.90624999999986
11,2013-01-24 09:50:00,-0.5975,-0.5975,-1.5059999999999998,-0.005975,98.4771297185843,-1.522870281415706,0,0.45454545454545453,-1.1859999999999997,370.6249999999998
12,2013-01-25 09:50:00,-0.2161,-0.2161,-1.7220999999999997,-0.0021609999999999997,98.26432064126243,-1.7356793587375705,0,0.4166666666666667,-1.4020999999999997,438.1562499999998
13,2013-02-05 09:50:00,0.7631,0.7631,-0.9589999999999997,0.007631,99.0141756720759,-0.9858243279241066,1,0.46153846153846156,-0.6389999999999996,199.6874999999998
14,2013-02-26 09:50:00,0.1323,0.1323,-0.8266999999999998,0.001323,99.14517142649005,-0.8548285735099483,1,0.5,-0.5066999999999997,158.34374999999986
15,2013-03-01 09:50:00,1.0362,1.0362,0.20950000000000024,0.010362,100.17251369281134,0.17251369281133577,1,0.5333333333333333,0.0,0.0
16,2013-03-07 09:50:00,0.158,0.158,0.36750000000000027,0.00158,100.33078626444598,0.33078626444597603,1,0.5625,0.0,0.0
17,2013-04-02 09:50:00,-0.0681,-0.0681,0.2994000000000003,-0.000681,100.26246099899988,0.2624609989998845,0,0.5294117647058824,-0.0681,-18.53061224489794
18,2013-04-16 09:50:00,0.8102,0.8102,1.1096000000000004,0.008102,101.07478745801379,1.0747874580137875,1,0.5555555555555556,0.0,0.0
19,2013-05-17 09:50:00,0.4702,0.4702,1.5798000000000003,0.0047020000000000005,101.55004110864137,1.5500411086413663,1,0.5789473684210527,0.0,0.0
20,2013-06-03 09:50:00,0.3497,0.3497,1.9295000000000004,0.003497,101.9051616023983,1.9051616023982945,1,0.6,0.0,0.0
21,2013-06-17 09:50:00,-0.1907,-0.1907,1.7388000000000003,-0.001907,101.71082845922253,1.710828459222526,0,0.5714285714285714,-0.1907000000000001,-9.883389479139677
22,2013-06-20 09:50:00,-1.5309,-1.5309,0.20790000000000042,-0.015309,100.15373738634028,0.153737386340282,0,0.5454545454545454,-1.7216,-89.22518787250581
23,2013-06-21 09:50:00,-0.1941,-0.1941,0.013800000000000423,-0.001941,99.9593389820734,-0.04066101792659538,0,0.5217391304347826,-1.9157,-99.28478880538997
24,2013-08-12 09:50:00,0.1523,0.1523,0.16610000000000041,0.0015229999999999998,100.11157705534309,0.11157705534309059,1,0.5416666666666666,-1.7634,-91.39155221559989
25,2013-09-17 09:50:00,0.3018,0.3018,0.4679000000000004,0.0030180000000000003,100.41371379489611,0.41371379489611115,1,0.56,-1.4616,-75.75019435086809
26,2013-09-23 09:50:00,-0.2535,-0.2535,0.21440000000000042,-0.002535,100.15916503042605,0.15916503042605257,0,0.5384615384615384,-1.7151,-88.88831303446487
27,2013-10-08 09:50:00,-1.7661,-1.7661,-1.5516999999999996,-0.017661,98.39025401682369,-1.6097459831763103,0,0.5185185185185185,-3.4812000000000003,-180.41979787509715
28,2013-10-09 09:50:00,-0.0717,-0.0717,-1.6233999999999997,-0.000717,98.31970820469363,-1.680291795306374,0,0.5,-3.5529,-184.13578647317954
29,2013-11-08 09:50:00,1.1076,1.1076,-0.5157999999999998,0.011075999999999999,99.40869729276882,-0.5913027072311792,1,0.5172413793103449,-2.4453000000000005,-126.73231407100285
30,2013-11-19 09:50:00,-0.4691,-0.4691,-0.9848999999999999,-0.004691,98.94237109376844,-1.0576289062315567,0,0.5,-2.9144000000000005,-151.0443119979269
31,2013-12-12 09:50:00,-0.233,-0.233,-1.2179,-0.00233,98.71183536911995,-1.288164630880047,0,0.4838709677419355,-3.1474,-163.1199792692407
32,2013-12-13 09:50:00,-0.1832,-0.1832,-1.4011,-0.001832,98.53099528672374,-1.469004713276263,0,0.46875,-3.3306000000000004,-172.61466701217932
33,2013-12-18 09:50:00,1.4422,1.4422,0.041099999999999914,0.014421999999999999,99.95200930074886,-0.04799069925114452,1,0.48484848484848486,-1.8884000000000005,-97.86991448561804
34,2013-12-30 09:50:00,0.1662,0.1662,0.2072999999999999,0.0016619999999999998,100.11812954020671,0.1181295402067093,1,0.5,-1.7222000000000006,-89.25628401140193
35,2014-01-17 09:50:00,-0.1788,-0.1788,0.028499999999999914,-0.0017879999999999999,99.93911832458882,-0.06088167541118139,0,0.4857142857142857,-1.9010000000000005,-98.52293340243587
36,2014-01-27 09:50:00,-0.8797,-0.8797,-0.8512000000000002,-0.008797000000000001,99.0599539006874,-0.9400460993125961,0,0.4722222222222222,-2.7807000000000004,-144.11505571391552
37,2014-03-17 09:50:00,-0.2843,-0.2843,-1.1355000000000002,-0.002843,98.77832645174774,-1.2216735482522552,0,0.4594594594594595,-3.0650000000000004,-158.84944286084476
38,2014-03-24 09:50:00,-0.583,-0.583,-1.7185000000000001,-0.005829999999999999,98.20244880853406,-1.797551191465942,0,0.4473684210526316,-3.6480000000000006,-189.06452448820937
39,2014-03-27 09:50:00,-0.075,-0.075,-1.7935,-0.00075,98.12879697192766,-1.871203028072344,0,0.4358974358974359,-3.7230000000000008,-192.95154185022025
40,2014-04-01 09:50:00,0.5418,0.5418,-1.2517,0.005417999999999999,98.66045879392155,-1.3395412060784508,1,0.45,-3.1812000000000005,-164.87172842705363
41,2014-04-07 09:50:00,-0.7445,-0.7445,-1.9962,-0.007445,97.9259316782008,-2.074068321799203,0,0.43902439024390244,-3.9257000000000004,-203.45685410728166
42,2014-04-11 09:50:00,-1.1094,-1.1094,-3.1056,-0.011094,96.83954139216283,-3.160458607837171,0,0.42857142857142855,-5.0351,-260.9536149261466
43,2014-05-07 09:50:00,0.3236,0.3236,-2.782,0.003236,97.15291414810787,-2.847085851892132,1,0.4418604651162791,-4.711500000000001,-244.18243068152373
44,2014-05-09 09:50:00,0.6308,0.6308,-2.1512000000000002,0.006308,97.76575473055414,-2.2342452694458643,1,0.45454545454545453,-4.0807,-211.49002332210412
45,2014-07-07 09:50:00,-0.1897,-0.1897,-2.3409000000000004,-0.001897,97.58029309383026,-2.4197069061697363,0,0.4444444444444444,-4.2704,-221.32158590308367
46,2014-07-09 09:50:00,0.5758,0.5758,-1.7651000000000003,0.005758,98.14216042146454,-1.8578395785354616,1,0.45652173913043476,-3.6946000000000008,-191.47965794247216
47,2014-07-18 09:50:00,0.9541,0.9541,-0.8110000000000004,0.009541,99.07853477404574,-0.9214652259542646,1,0.46808510638297873,-2.740500000000001,-142.0316144078777
48,2014-09-04 09:50:00,-0.7121,-0.7121,-1.5231000000000003,-0.007121,98.37299652791975,-1.627003472080247,0,0.4583333333333333,-3.452600000000001,-178.93754858771703
49,2014-09-15 09:50:00,-0.1882,-0.1882,-1.7113000000000003,-0.001882,98.1878585484542,-1.8121414515457985,0,0.4489795918367347,-3.6408000000000005,-188.69137082145633
50,2014-09-22 09:50:00,-0.5032,-0.5032,-2.2145,-0.005032,97.69377724423838,-2.306222755761624,0,0.44,-4.144,-214.7706659756413
51,2014-09-24 09:50:00,0.9987,0.9987,-1.2158000000000002,0.009987000000000001,98.66944499757658,-1.3305550024234236,1,0.45098039215686275,-3.1453000000000007,-163.01114278310442
52,2014-09-26 09:50:00,0.7619,0.7619,-0.4539000000000002,0.007619,99.42120749901312,-0.5787925009868786,1,0.46153846153846156,-2.383400000000001,-123.52422907488989
53,2014-10-01 09:50:00,-0.802,-0.802,-1.2559000000000002,-0.008020000000000001,98.62384941487103,-1.3761505851289684,0,0.4528301886792453,-3.1854000000000005,-165.08940139932625
54,2014-10-10 09:50:00,-1.9827,-1.9827,-3.2386,-0.019826999999999997,96.66843435252238,-3.3315656474776176,0,0.4444444444444444,-5.168100000000001,-267.846592381446
55,2014-10-13 09:50:00,-1.0449,-1.0449,-4.2835,-0.010449,95.65834588197288,-4.341654118027122,0,0.43636363636363634,-6.213000000000001,-322.0005182689816
56,2014-10-23 09:50:00,0.4181,0.4181,-3.8654,0.004181000000000001,96.05829342610541,-3.9417065738945922,1,0.44642857142857145,-5.7949,-300.3316921482249
57,2014-11-06 09:50:00,0.3658,0.3658,-3.4996,0.0036580000000000002,96.40967466345809,-3.590325336541909,1,0.45614035087719296,-5.4291,-281.3734128012438
58,2014-11-24 09:50:00,0.3396,0.3396,-3.16,0.003396,96.73708191861519,-3.262918081384811,1,0.46551724137931033,-5.089500000000001,-263.77299818605854
59,2014-12-02 09:50:00,0.2813,0.2813,-2.8787000000000003,0.002813,97.00920333005224,-2.9907966699477555,1,0.4745762711864407,-4.808200000000001,-249.19409173360972
60,2014-12-17 09:50:00,1.3005,1.3005,-1.5782000000000003,0.013005,98.27080801935956,-1.7291919806404366,1,0.48333333333333334,-3.5077000000000007,-181.79321067634103
61,2014-12-24 09:50:00,0.0194,0.0194,-1.5588000000000002,0.000194,98.28987255611533,-1.710127443884673,1,0.4918032786885246,-3.4883000000000006,-180.7877688520342
62,2014-12-31 09:50:00,-1.3077,-1.3077,-2.8665000000000003,-0.013077,97.00453589269901,-2.9954641073009896,0,0.4838709677419355,-4.796000000000001,-248.561803576056
63,2015-01-02 09:50:00,-0.8298,-0.8298,-3.6963000000000004,-0.008298,96.1995922538614,-3.800407746138603,0,0.47619047619047616,-5.625800000000001,-291.5677636693444
64,2015-01-16 09:50:00,1.2436,1.2436,-2.4527,0.012436000000000001,97.3959303831304,-2.6040696168695945,1,0.484375,-4.382200000000001,-227.11583311738792
65,2015-01-29 09:50:00,1.4625,1.4625,-0.9902000000000002,0.014624999999999999,98.8203458649837,-1.1796541350163068,1,0.49230769230769234,-2.9197000000000006,-151.3189945581757
66,2015-02-17 09:50:00,0.1942,0.1942,-0.7960000000000002,0.0019420000000000001,99.01225497665351,-0.9877450233464913,1,0.5,-2.7255000000000007,-141.25421093547553
67,2015-02-26 09:50:00,0.5843,0.5843,-0.2117000000000001,0.005843,99.5907835824821,-0.4092164175178965,1,0.5074626865671642,-2.1412000000000004,-110.97175434050273
68,2015-03-20 09:50:00,-0.0468,-0.0468,-0.2585000000000001,-0.000468,99.5441750957655,-0.45582490423450395,0,0.5,-2.1880000000000006,-113.39725317439753
69,2015-03-24 09:50:00,-0.407,-0.407,-0.6655000000000001,-0.00407,99.13903030312572,-0.8609696968742782,0,0.4927536231884058,-2.5950000000000006,-134.49080072557658
70,2015-04-01 09:50:00,0.5548,0.5548,-0.11070000000000013,0.005548,99.68905364324748,-0.3109463567525239,1,0.5,-2.0402000000000005,-105.73723762632807
71,2015-04-06 09:50:00,0.6996,0.6996,0.5888999999999999,0.006996,100.38647826253563,0.38647826253563267,1,0.5070422535211268,-1.3406000000000007,-69.47913967349056
72,2015-04-08 09:50:00,0.0572,0.0572,0.6460999999999999,0.000572,100.4438993281018,0.4438993281018071,1,0.5138888888888888,-1.2834000000000005,-66.51464109873025
73,2015-04-20 09:50:00,0.4671,0.4671,1.1132,0.004671,100.91307278186338,0.9130727818633773,1,0.5205479452054794,-0.8163000000000005,-42.306296968126475
74,2015-04-21 09:50:00,-0.0395,-0.0395,1.0736999999999999,-0.000395,100.87321211811454,0.8732121181145374,0,0.5135135135135135,-0.8558000000000006,-44.35345944545221
75,2015-04-28 09:50:00,0.1166,0.1166,1.1903,0.001166,100.99083028344425,0.9908302834442537,1,0.52,-0.7392000000000005,-38.31044311997929
76,2015-05-12 09:50:00,0.619,0.619,1.8093,0.00619,101.61596352289877,1.6159635228987668,1,0.5263157894736842,-0.12020000000000053,-6.229593158849469
77,2015-05-20 09:50:00,0.4216,0.4216,2.2309,0.004216,102.04437642511131,2.0443764251113095,1,0.5324675324675324,0.0,0.0
78,2015-06-22 09:50:00,-0.0863,-0.0863,2.1446,-0.000863,101.95631212825644,1.9563121282564424,0,0.5256410256410257,-0.08630000000000004,-3.8683939217356245
79,2015-06-25 09:50:00,-0.4748,-0.4748,1.6698,-0.004748,101.47222355827148,1.4722235582714802,0,0.5189873417721519,-0.5611000000000002,-25.15128423506209
80,2015-07-06 09:50:00,0.1172,0.1172,1.787,0.001172,101.59114900428177,1.5911490042817746,1,0.525,-0.4439000000000002,-19.897799094535845
81,2015-07-09 09:50:00,-1.1813,-1.1813,0.6056999999999999,-0.011813,100.3910527610942,0.3910527610942012,0,0.5185185185185185,-1.6252000000000002,-72.84952261419159
82,2015-07-10 09:50:00,0.3755,0.3755,0.9811999999999999,0.003755,100.7680211642121,0.7680211642121009,1,0.524390243902439,-1.2497000000000003,-56.01775068358062
83,2015-09-08 09:50:00,0.5084,0.5084,1.4895999999999998,0.005084,101.28032578381097,1.2803257838109658,1,0.5301204819277109,-0.7413000000000003,-33.22874176341388
84,2015-09-10 09:50:00,0.8923,0.8923,2.3819,0.008923,102.18405013077991,2.1840501307799087,1,0.5357142857142857,0.0,0.0
85,2015-10-21 09:50:00,-0.9578,-0.9578,1.4241,-0.009578,101.2053312986273,1.2053312986273,0,0.5294117647058824,-0.9578,-40.211595784877616
86,2015-11-20 09:50:00,0.0712,0.0712,1.4952999999999999,0.000712,101.27738949451192,1.2773894945119224,1,0.5348837209302325,-0.8866,-37.22238549057476
87,2015-12-02 09:50:00,-0.9876,-0.9876,0.5076999999999998,-0.009876000000000001,100.27717399586412,0.27717399586411773,0,0.5287356321839081,-1.8742,-78.68508333683195
88,2015-12-03 09:50:00,-1.6544,-1.6544,-1.1467000000000003,-0.016544,98.61818842927654,-1.3818115707234568,0,0.5227272727272727,-3.5286,-148.14223938872328
89,2015-12-10 09:50:00,0.2916,0.2916,-0.8551000000000002,0.002916,98.90575906673631,-1.0942409332636913,1,0.5280898876404494,-3.237,-135.89991183508965
90,2015-12-14 09:50:00,0.882,0.882,0.026899999999999813,0.00882,99.77810786170492,-0.22189213829507537,1,0.5333333333333333,-2.355,-98.87064948150636
91,2015-12-16 09:50:00,1.0241,1.0241,1.0509999999999997,0.010241,100.79993546431663,0.7999354643166328,1,0.5384615384615384,-1.3309000000000002,-55.87556152651246
92,2016-01-19 09:50:00,-0.6222,-0.6222,0.42879999999999974,-0.006222,100.17275826585767,0.17275826585766652,0,0.532608695652174,-1.9531,-81.99756496914229
93,2016-02-08 09:50:00,0.4252,0.4252,0.8539999999999998,0.004252000000000001,100.59869283400408,0.5986928340040834,1,0.5376344086021505,-1.5279000000000003,-64.14626978462573
94,2016-02-19 09:50:00,0.4868,0.4868,1.3407999999999998,0.004868,101.08840727072003,1.088407270720026,1,0.5425531914893617,-1.0411000000000001,-43.70880389604938
95,2016-02-26 09:50:00,-0.6589,-0.6589,0.6818999999999997,-0.006589,100.42233575521325,0.42233575521325406,0,0.5368421052631579,-1.7000000000000002,-71.371594105546
96,2016-03-03 09:50:00,0.2144,0.2144,0.8962999999999998,0.002144,100.63764124307242,0.637641243072423,1,0.5416666666666666,-1.4856000000000003,-62.37037659011715
97,2016-04-08 09:50:00,-0.6947,-0.6947,0.20159999999999978,-0.006947,99.93851154935679,-0.06148845064321051,0,0.5360824742268041,-2.1803,-91.53616860489525
98,2016-04-12 09:50:00,0.8991,0.8991,1.1006999999999998,0.008991,100.83705870669705,0.8370587066970501,1,0.5408163265306123,-1.2812000000000001,-53.788991981191494
99,2016-04-22 09:50:00,-0.344,-0.344,0.7566999999999998,-0.00344,100.49017922474602,0.49017922474601505,0,0.5353535353535354,-1.6252,-68.23124396490196
100,2016-05-10 09:50:00,0.8584,0.8584,1.6151,0.008584000000000001,101.35278692321123,1.3527869232112266,1,0.54,-0.7667999999999999,-32.19278727066627
101,2016-05-12 09:50:00,-0.186,-0.186,1.4291,-0.0018599999999999999,101.16427073953406,1.1642707395340608,0,0.5346534653465347,-0.9527999999999999,-40.00167933162601
102,2016-05-18 09:50:00,0.1656,0.1656,1.5947,0.001656,101.33179877187874,1.3317987718787379,1,0.5392156862745098,-0.7871999999999999,-33.04924639993283
103,2016-06-06 09:50:00,0.0147,0.0147,1.6094,0.000147,101.3466945462982,1.3466945462981954,1,0.5436893203883495,-0.7725,-32.4320920273731
104,2016-06-20 09:50:00,-0.6803,-0.6803,0.9290999999999999,-0.006803,100.65723298329974,0.6572329832997355,0,0.5384615384615384,-1.4527999999999999,-60.9933246567866
105,2016-06-23 09:50:00,0.9168,0.9168,1.8458999999999999,0.009167999999999999,101.58005849529063,1.5800584952906291,1,0.5428571428571428,-0.536,-22.50304378857215
106,2016-06-28 09:50:00,0.4244,0.4244,2.2702999999999998,0.004244,102.01116426354463,2.0111642635446287,1,0.5471698113207547,-0.11160000000000014,-4.685335236575849
107,2016-07-14 09:50:00,0.0927,0.0927,2.3629999999999995,0.0009270000000000001,102.10572861281692,2.105728612816918,1,0.5514018691588785,-0.01890000000000036,-0.7934841932910854
108,2016-08-11 09:50:00,-0.0347,-0.0347,2.3282999999999996,-0.00034700000000000003,102.07029792498827,2.0702979249882674,0,0.5462962962962963,-0.053600000000000314,-2.250304378857228
109,2016-08-25 09:50:00,0.0122,0.0122,2.3404999999999996,0.00012200000000000001,102.08275050133511,2.082750501335113,1,0.5504587155963303,-0.041400000000000325,-1.7381082329233102
110,2016-09-02 09:50:00,-0.3168,-0.3168,2.0236999999999994,-0.0031680000000000002,101.75935234774688,1.7593523477468835,0,0.5454545454545454,-0.3582000000000005,-15.038414710945066
111,2016-09-20 09:50:00,-0.3063,-0.3063,1.7173999999999994,-0.003063,101.44766345150573,1.4476634515057327,0,0.5405405405405406,-0.6645000000000005,-27.89789663713844
112,2016-09-21 09:50:00,0.4871,0.4871,2.2044999999999995,0.0048709999999999995,101.94181502017803,1.9418150201780264,1,0.5446428571428571,-0.17740000000000045,-7.447835761366994
113,2016-09-27 09:50:00,0.5116,0.5116,2.7160999999999995,0.005116000000000001,102.46334934582124,2.4633493458212428,1,0.5486725663716814,0.0,0.0
114,2016-10-19 09:50:00,0.069,0.069,2.7850999999999995,0.0006900000000000001,102.53404905686986,2.5340490568698613,1,0.5526315789473685,0.0,0.0
115,2016-10-24 09:50:00,0.2931,0.2931,3.0781999999999994,0.0029310000000000004,102.83457635465555,2.834576354655553,1,0.5565217391304348,0.0,0.0
116,2016-10-25 09:50:00,-0.3636,-0.3636,2.7145999999999995,-0.003636,102.46066983503003,2.460669835030032,0,0.5517241379310345,-0.3635999999999999,-11.812097979338574
117,2016-11-01 09:50:00,-0.6677,-0.6677,2.0468999999999995,-0.006677,101.77653994254153,1.7765399425415325,0,0.5470085470085471,-1.0312999999999999,-33.50334611136378
118,2016-11-15 09:50:00,0.2877,0.2877,2.3345999999999996,0.0028770000000000002,102.06935104795623,2.069351047956232,1,0.5508474576271186,-0.7435999999999998,-24.156974855434992
119,2016-11-21 09:50:00,0.2045,0.2045,2.5390999999999995,0.002045,102.2780828708493,2.2780828708493033,1,0.5546218487394958,-0.5390999999999999,-17.513481905009424
120,2016-11-24 09:50:00,0.2903,0.2903,2.8293999999999997,0.002903,102.57499614542338,2.574996145423384,1,0.5583333333333333,-0.2487999999999997,-8.082645702033647
121,2016-12-19 09:50:00,-0.0726,-0.0726,2.7567999999999997,-0.000726,102.5005266982218,2.5005266982218046,0,0.5537190082644629,-0.3213999999999997,-10.441166915729964
122,2016-12-28 09:50:00,-0.5018,-0.5018,2.255,-0.005018,101.98617905525013,1.9861790552501333,0,0.5491803278688525,-0.8231999999999995,-26.742901695796235
123,2017-01-03 09:50:00,0.1497,0.1497,2.4047,0.001497,102.13885236529585,2.138852365295847,1,0.5528455284552846,-0.6734999999999993,-21.879669936976136
124,2017-02-08 09:50:00,0.382,0.382,2.7867,0.00382,102.52902278133126,2.529022781331264,1,0.5564516129032258,-0.2914999999999992,-9.46982002468973
125,2017-02-21 09:50:00,0.1076,0.1076,2.8943000000000003,0.001076,102.63934400984398,2.639344009843981,1,0.56,-0.18389999999999906,-5.974270677668738
126,2017-03-17 09:50:00,-0.1661,-0.1661,2.7282,-0.001661,102.46886005944363,2.468860059443628,0,0.5555555555555556,-0.3499999999999992,-11.370281333246679
127,2017-04-03 09:50:00,-0.2616,-0.2616,2.4666,-0.002616,102.20080152152813,2.2008015215281347,0,0.5511811023622047,-0.6115999999999993,-19.868754466896217
128,2017-04-24 09:50:00,0.0636,0.0636,2.5302000000000002,0.0006360000000000001,102.26580123129584,2.265801231295839,1,0.5546875,-0.5479999999999992,-17.802611916054815
129,2017-04-26 09:50:00,-0.1547,-0.1547,2.3755,-0.001547,102.10759603679102,2.1075960367910227,0,0.5503875968992248,-0.7026999999999992,-22.82827626534986
130,2017-05-01 09:50:00,0.3686,0.3686,2.7441,0.003686,102.48396463578264,2.483964635782641,1,0.5538461538461539,-0.3340999999999994,-10.853745695536334
131,2017-05-30 09:50:00,-0.0618,-0.0618,2.6823,-0.0006180000000000001,102.42062954563772,2.4206295456377234,0,0.549618320610687,-0.39589999999999925,-12.86141251380675
132,2017-06-06 09:50:00,-0.4658,-0.4658,2.2165,-0.004658,101.94355425321413,1.9435542532141312,0,0.5454545454545454,-0.8616999999999995,-27.99363264245337
133,2017-06-23 09:50:00,0.6354,0.6354,2.8518999999999997,0.006353999999999999,102.59130359693906,2.5913035969390563,1,0.5488721804511278,-0.22629999999999972,-7.35169904489636
134,2017-06-30 09:50:00,-0.2266,-0.2266,2.6252999999999997,-0.002266,102.3588317029884,2.3588317029883967,0,0.5447761194029851,-0.45289999999999964,-14.713144045221224
135,2017-07-04 09:50:00,-0.5969,-0.5969,2.0283999999999995,-0.0059689999999999995,101.74785183655325,1.7478518365532523,0,0.5407407407407407,-1.0497999999999998,-34.10434669612111
136,2017-07-07 09:50:00,0.2835,0.2835,2.3118999999999996,0.002835,102.03630699650988,2.036306996509879,1,0.5441176470588235,-0.7662999999999998,-24.894418816191276
137,2017-07-13 09:50:00,-0.1823,-0.1823,2.1295999999999995,-0.001823,101.85029480885524,1.8502948088552387,0,0.5401459854014599,-0.9485999999999999,-30.816711064908063
138,2017-08-01 09:50:00,0.0523,0.0523,2.1818999999999993,0.000523,101.90356251304027,1.9035625130402707,1,0.5434782608695652,-0.8963000000000001,-29.11766616854006
139,2017-08-08 09:50:00,0.0014,0.0014,2.183299999999999,1.4e-05,101.90498916291546,1.9049891629154558,1,0.5467625899280576,-0.8949000000000003,-29.07218504320708
140,2017-08-11 09:50:00,0.4189,0.4189,2.602199999999999,0.004189,102.33186916251891,2.331869162518913,1,0.55,-0.4760000000000004,-15.463582613215532
141,2017-08-16 09:50:00,0.1099,0.1099,2.712099999999999,0.001099,102.44433188672852,2.44433188672852,1,0.5531914893617021,-0.3661000000000003,-11.893314274576063
142,2017-08-31 09:50:00,0.4092,0.4092,3.121299999999999,0.004092,102.863534092809,2.8635340928090045,1,0.5563380281690141,0.0,0.0
143,2017-09-11 09:50:00,-0.0751,-0.0751,3.046199999999999,-0.000751,102.78628357870531,2.7862835787053086,0,0.5524475524475524,-0.07509999999999994,-2.406048761733892
144,2017-09-14 09:50:00,-0.2172,-0.2172,2.828999999999999,-0.002172,102.56303177077237,2.563031770772369,0,0.5486111111111112,-0.2923,-9.36468779034377
145,2017-09-22 09:50:00,0.097,0.097,2.925999999999999,0.00097,102.66251791159002,2.6625179115900153,1,0.5517241379310345,-0.19530000000000003,-6.257008297824627
146,2017-09-28 09:50:00,0.1715,0.1715,3.097499999999999,0.0017150000000000002,102.83858412980838,2.838584129808382,1,0.5547945205479452,-0.023800000000000043,-0.7625028033191315
147,2017-10-03 09:50:00,-0.0319,-0.0319,3.065599999999999,-0.000319,102.80577862147098,2.805778621470978,0,0.5510204081632653,-0.05569999999999986,-1.7845128632300606
148,2017-10-06 09:50:00,0.2244,0.2244,3.289999999999999,0.002244,103.03647478869755,3.0364747886975465,1,0.5540540540540541,0.0,0.0
149,2017-11-07 09:50:00,-0.0409,-0.0409,3.249099999999999,-0.00040899999999999997,102.99433287050897,2.99433287050897,0,0.5503355704697986,-0.04090000000000016,-1.2431610942249292
150,2017-12-13 09:50:00,-0.2617,-0.2617,2.987399999999999,-0.002617,102.72479670138685,2.7247967013868504,0,0.5466666666666666,-0.3026,-9.197568389057754
151,2017-12-14 09:50:00,-0.2684,-0.2684,2.718999999999999,-0.002684,102.44908334704033,2.449083347040329,0,0.543046357615894,-0.5710000000000002,-17.35562310030396
152,2018-01-16 09:50:00,-1.3245,-1.3245,1.394499999999999,-0.013245,101.09214523810878,1.0921452381087846,0,0.5394736842105263,-1.8955000000000002,-57.61398176291795
153,2018-01-17 09:50:00,0.9033,0.9033,2.2977999999999987,0.009033,102.00531058604463,2.0053105860446294,1,0.5424836601307189,-0.9922000000000004,-30.15805471124622
154,2018-01-26 09:50:00,0.8889,0.8889,3.1866999999999988,0.008889000000000001,102.91203579184398,2.9120357918439765,1,0.5454545454545454,-0.10330000000000039,-3.1398176291793445
155,2018-01-30 09:50:00,0.2721,0.2721,3.4587999999999988,0.002721,103.19205944123358,3.1920594412335817,1,0.5483870967741935,0.0,0.0
156,2018-02-05 09:50:00,-3.6052,-3.6052,-0.1464000000000012,-0.036052,99.47177931425823,-0.528220685741772,0,0.5448717948717948,-3.6052,-104.23268185497865
157,2018-02-19 09:50:00,-0.3142,-0.3142,-0.4606000000000012,-0.003142,99.15923898365283,-0.840761016347173,0,0.5414012738853503,-3.9194,-113.31675725685213
158,2018-03-12 09:50:00,-0.0489,-0.0489,-0.5095000000000012,-0.000489,99.11075011578983,-0.889249884210173,0,0.5379746835443038,-3.9683,-114.7305423846421
159,2018-03-15 09:50:00,-0.0095,-0.0095,-0.5190000000000011,-9.499999999999999e-05,99.10133459452884,-0.8986654054711636,0,0.5345911949685535,-3.9778,-115.00520411703485
160,2018-03-26 09:50:00,1.5206,1.5206,1.001599999999999,0.015205999999999999,100.60826948837325,0.6082694883732529,1,0.5375,-2.4572,-71.04197987741415
161,2018-04-09 09:50:00,-0.8551,-0.8551,0.14649999999999896,-0.008551,99.74796817597817,-0.25203182402182733,0,0.5341614906832298,-3.3122999999999996,-95.76442696889097
162,2018-04-30 09:50:00,-1.3334,-1.3334,-1.186900000000001,-0.013333999999999999,98.41792876831968,-1.5820712316803167,0,0.5308641975308642,-4.6457,-134.31536949230951
163,2018-05-01 09:50:00,1.0901,1.0901,-0.09680000000000089,0.010901000000000001,99.49078260982314,-0.5092173901768575,1,0.5337423312883436,-3.5555999999999996,-102.7986584942755
164,2018-05-14 09:50:00,-0.3301,-0.3301,-0.4269000000000009,-0.003301,99.16236353642812,-0.8376364635718829,0,0.5304878048780488,-3.8856999999999995,-112.3424309008905
165,2018-05-16 09:50:00,0.2529,0.2529,-0.17400000000000088,0.002529,99.41314515381174,-0.5868548461882597,1,0.5333333333333333,-3.6327999999999996,-105.03064646698279
166,2018-05-21 09:50:00,-0.4883,-0.4883,-0.6623000000000009,-0.004883,98.92771076602568,-1.0722892339743169,0,0.5301204819277109,-4.121099999999999,-119.1482595119695
167,2018-06-06 09:50:00,0.6534,0.6534,-0.008900000000000907,0.006534,99.5741044281709,-0.425895571829102,1,0.5329341317365269,-3.4677,-100.25731467561008
168,2018-06-07 09:50:00,-0.6434,-0.6434,-0.6523000000000009,-0.006434,98.93344464028004,-1.0665553597199562,0,0.5297619047619048,-4.1110999999999995,-118.8591418989245
169,2018-06-20 09:50:00,0.0639,0.0639,-0.5884000000000009,0.000639,98.99666311140518,-1.0033368885948164,1,0.5325443786982249,-4.0472,-117.01168035156707
170,2018-07-06 09:50:00,1.0001,1.0001,0.41169999999999907,0.010001,99.98672873918234,-0.01327126081766039,1,0.5352941176470588,-3.0470999999999995,-88.09702787093792
171,2018-08-07 09:50:00,-0.0111,-0.0111,0.40059999999999907,-0.000111,99.97563021229229,-0.024369787707712476,0,0.5321637426900585,-3.0582,-88.41794842141786
172,2018-08-09 09:50:00,-0.0802,-0.0802,0.3203999999999991,-0.000802,99.89544975686204,-0.10455024313796457,0,0.5290697674418605,-3.1384,-90.73667167803865
173,2018-08-31 09:50:00,-0.0739,-0.0739,0.24649999999999908,-0.000739,99.82162701949171,-0.17837298050828565,0,0.5260115606936416,-3.2122999999999995,-92.8732508384411
174,2018-09-24 09:50:00,0.6786,0.6786,0.925099999999999,0.0067859999999999995,100.49901658044598,0.49901658044598207,1,0.5287356321839081,-2.5336999999999996,-73.2537296172083
175,2018-09-26 09:50:00,-0.2408,-0.2408,0.684299999999999,-0.002408,100.25701494852026,0.25701494852026485,0,0.5257142857142857,-2.7744999999999997,-80.21568173933159
176,2018-10-01 09:50:00,-0.6444,-0.6444,0.03989999999999905,-0.006444,99.610958744192,-0.38904125580799587,0,0.5227272727272727,-3.4189,-98.84642072395053
177,2018-10-25 09:50:00,1.1595,1.1595,1.199399999999999,0.011595,100.76594781083091,0.7659478108309088,1,0.5254237288135594,-2.2594,-65.32323349138431
178,2018-11-15 09:50:00,2.0109,2.0109,3.210299999999999,0.020109,102.7922502553589,2.792250255358894,1,0.5280898876404494,-0.24849999999999994,-7.184572684167921
179,2018-12-19 09:50:00,-3.3036,-3.3036,-0.09330000000000105,-0.033035999999999996,99.39640547592286,-0.6035945240771383,0,0.5251396648044693,-3.5521,-102.69746732970975
180,2018-12-28 09:50:00,-0.4558,-0.4558,-0.549100000000001,-0.0045579999999999996,98.94335665976361,-1.0566433402363913,0,0.5222222222222223,-4.007899999999999,-115.87544813230024
181,2019-01-04 09:50:00,2.1463,2.1463,1.597199999999999,0.021463,101.06697792375212,1.0669779237521198,1,0.5248618784530387,-1.8615999999999997,-53.82213484445474
182,2019-01-15 09:50:00,0.5796,0.5796,2.176799999999999,0.005796,101.65276212779818,1.6527621277981837,1,0.5274725274725275,-1.2819999999999996,-37.06487799236729
183,2019-02-12 09:50:00,0.5084,0.5084,2.685199999999999,0.005084,102.16956477045592,2.1695647704559207,1,0.5300546448087432,-0.7735999999999996,-22.36613854516017
184,2019-02-22 09:50:00,0.3016,0.3016,2.9867999999999992,0.0030159999999999996,102.4777081778036,2.4777081778036063,1,0.532608695652174,-0.47199999999999953,-13.646351335723365
185,2019-03-14 09:50:00,-0.2503,-0.2503,2.736499999999999,-0.002503,102.22120647423456,2.221206474234563,0,0.5297297297297298,-0.7222999999999997,-20.88296519023939
186,2019-03-20 09:50:00,0.6141,0.6141,3.350599999999999,0.006141,102.84894690319284,2.8489469031928394,1,0.532258064516129,-0.10819999999999963,-3.1282525731467468
187,2019-03-21 09:50:00,1.1796,1.1796,4.530199999999999,0.011796,104.0621530808629,4.062153080862899,1,0.5347593582887701,0.0,0.0
188,2019-04-05 09:50:00,0.1317,0.1317,4.661899999999999,0.001317,104.1992029364704,4.1992029364703995,1,0.5372340425531915,0.0,0.0
189,2019-04-10 09:50:00,0.368,0.368,5.0299,0.00368,104.5826560032766,4.582656003276597,1,0.5396825396825397,0.0,0.0
190,2019-04-12 09:50:00,0.061,0.061,5.0908999999999995,0.00061,104.64645142343859,4.646451423438592,1,0.5421052631578948,0.0,0.0
191,2019-04-30 09:50:00,0.0096,0.0096,5.100499999999999,9.599999999999999e-05,104.65649748277525,4.656497482775251,1,0.5445026178010471,0.0,0.0
192,2019-05-03 09:50:00,0.6469,0.6469,5.747399999999999,0.006469,105.33352036499133,5.33352036499133,1,0.546875,0.0,0.0
193,2019-05-24 09:50:00,-0.7233,-0.7233,5.024099999999999,-0.007233000000000001,104.57164301219134,4.571643012191345,0,0.5440414507772021,-0.7233,-12.584820962522187
194,2019-06-07 09:50:00,0.7147,0.7147,5.738799999999999,0.007147,105.31901654479948,5.3190165447994815,1,0.5463917525773195,-0.008600000000000385,-0.14963287747503892
195,2019-06-11 09:50:00,-0.6935,-0.6935,5.045299999999998,-0.006935,104.58862916506129,4.588629165061292,0,0.5435897435897435,-0.7021000000000006,-12.215958520374443
196,2019-07-17 09:50:00,-0.6157,-0.6157,4.429599999999998,-0.006157,103.94467697529201,3.944676975292012,0,0.5408163265306123,-1.317800000000001,-22.92862859727879
197,2019-07-26 09:50:00,0.0114,0.0114,4.440999999999998,0.000114,103.95652666846719,3.956526668467191,1,0.5431472081218274,-1.306400000000001,-22.730278038765377
198,2019-08-01 09:50:00,-1.436,-1.436,3.004999999999998,-0.01436,102.463710945508,2.463710945507998,0,0.5404040404040404,-2.742400000000001,-47.715488742735864
199,2019-08-16 09:50:00,0.5592,0.5592,3.5641999999999983,0.005592000000000001,103.03668801711528,3.0366880171152815,1,0.542713567839196,-2.1832000000000007,-37.98587187249889
200,2019-08-21 09:50:00,-0.1955,-0.1955,3.3686999999999983,-0.001955,102.83525129204182,2.835251292041818,0,0.54,-2.3787000000000007,-41.38740995928596
201,2019-09-13 09:50:00,-0.143,-0.143,3.2256999999999985,-0.0014299999999999998,102.6881968826942,2.6881968826942,0,0.5373134328358209,-2.5217000000000005,-43.87549152660335
202,2019-09-23 09:50:00,0.0138,0.0138,3.2394999999999983,0.000138,102.702367853864,2.702367853864004,1,0.5396039603960396,-2.5079000000000007,-43.63538295577133
203,2019-10-15 09:50:00,0.757,0.757,3.9964999999999984,0.00757,103.47982477851777,3.4798247785177665,1,0.541871921182266,-1.7509000000000006,-30.4642099036086
204,2019-10-23 09:50:00,0.2433,0.2433,4.239799999999998,0.002433,103.7315911922039,3.7315911922038936,1,0.5441176470588235,-1.507600000000001,-26.23099140480915
205,2019-11-01 09:50:00,0.2989,0.2989,4.538699999999998,0.002989,104.04164491827738,4.041644918277385,1,0.5463414634146342,-1.2087000000000012,-21.03037895396182
206,2019-11-05 09:50:00,-0.0507,-0.0507,4.487999999999998,-0.0005070000000000001,103.98889580430381,3.9888958043038087,0,0.5436893203883495,-1.2594000000000012,-21.91251696419253
207,2019-11-25 09:50:00,0.3133,0.3133,4.801299999999998,0.0031330000000000004,104.3146930148587,4.314693014858705,1,0.5458937198067633,-0.9461000000000013,-16.46135643943351
208,2019-11-27 09:50:00,0.3971,0.3971,5.198399999999998,0.003971,104.7289266608207,4.728926660820704,1,0.5480769230769231,-0.5490000000000013,-9.552145317882893
209,2019-12-13 09:50:00,0.1538,0.1538,5.352199999999998,0.0015379999999999999,104.88999975002505,4.889999750025055,1,0.5502392344497608,-0.3952000000000009,-6.8761526951317276
210,2019-12-31 09:50:00,0.1412,0.1412,5.493399999999998,0.0014119999999999998,105.03810442967209,5.038104429672089,1,0.5523809523809524,-0.25400000000000134,-4.419389637053301
211,2020-02-06 09:50:00,0.4801,0.4801,5.973499999999998,0.004801000000000001,105.54239236903895,5.54239236903895,1,0.5545023696682464,0.0,0.0
212,2020-03-10 09:50:00,2.1323,2.1323,8.105799999999999,0.021322999999999998,107.79287280152397,7.79287280152397,1,0.5566037735849056,0.0,0.0
213,2020-04-06 09:50:00,2.6319,2.6319,10.737699999999998,0.026319,110.62987342078728,10.629873420787277,1,0.5586854460093896,0.0,0.0
214,2020-04-29 09:50:00,0.822,0.822,11.559699999999998,0.00822,111.53925098030614,11.539250980306136,1,0.5607476635514018,0.0,0.0
215,2020-05-20 09:50:00,0.26,0.26,11.819699999999997,0.0026,111.82925303285492,11.829253032854922,1,0.5627906976744186,0.0,0.0
216,2020-08-11 09:50:00,-1.2635,-1.2635,10.556199999999997,-0.012635,110.4162904207848,10.416290420784804,0,0.5601851851851852,-1.2635000000000005,-10.689780620489527
217,2020-08-17 09:50:00,0.1879,0.1879,10.744099999999998,0.001879,110.62376263048546,10.623762630485459,1,0.5622119815668203,-1.0755999999999997,-9.100061761296816
218,2020-09-01 09:50:00,0.7615,0.7615,11.505599999999998,0.007614999999999999,111.4661625829166,11.466162582916596,1,0.5642201834862385,-0.3140999999999998,-2.657427853498819
219,2020-09-15 09:50:00,-0.3351,-0.3351,11.170499999999997,-0.0033510000000000002,111.09263947210124,11.09263947210124,0,0.5616438356164384,-0.6492000000000004,-5.4925251909947
220,2020-10-05 09:50:00,1.1148,1.1148,12.285299999999998,0.011148,112.33110021693622,12.331100216936221,1,0.5636363636363636,0.0,0.0
221,2020-10-07 09:50:00,0.5401,0.5401,12.825399999999998,0.005401,112.93780048920789,12.937800489207888,1,0.5656108597285068,0.0,0.0
222,2020-10-29 09:50:00,0.5951,0.5951,13.420499999999999,0.005951,113.60989333991917,13.609893339919168,1,0.5675675675675675,0.0,0.0
223,2020-11-13 09:50:00,0.3363,0.3363,13.756799999999998,0.0033629999999999997,113.99196341122132,13.99196341122132,1,0.5695067264573991,0.0,0.0
224,2020-11-27 09:50:00,0.2484,0.2484,14.005199999999999,0.002484,114.27511944833479,14.275119448334792,1,0.5714285714285714,0.0,0.0
225,2020-12-04 09:50:00,0.2019,0.2019,14.207099999999999,0.002019,114.50584091450098,14.505840914500979,1,0.5733333333333334,0.0,0.0
226,2020-12-10 09:50:00,0.2101,0.2101,14.4172,0.002101,114.74641768626233,14.746417686262333,1,0.5752212389380531,0.0,0.0
227,2020-12-16 09:50:00,0.5309,0.5309,14.9481,0.005309,115.35560641775871,15.355606417758707,1,0.5770925110132159,0.0,0.0
228,2021-01-13 09:50:00,0.3527,0.3527,15.3008,0.003527,115.76246564159415,15.762465641594147,1,0.5789473684210527,0.0,0.0
229,2021-02-15 09:50:00,0.2544,0.2544,15.555200000000001,0.0025440000000000003,116.05696535418637,16.056965354186374,1,0.5807860262008734,0.0,0.0
230,2021-03-01 09:50:00,1.3579,1.3579,16.9131,0.013579,117.63290288673088,17.632902886730875,1,0.5826086956521739,0.0,0.0
231,2021-03-03 09:50:00,-1.8803,-1.8803,15.0328,-0.018803,115.42105141375167,15.42105141375167,0,0.5800865800865801,-1.8803,-11.117417859529006
232,2021-03-25 09:50:00,0.0052,0.0052,15.038,5.2e-05,115.42705330842517,15.427053308425172,1,0.5818965517241379,-1.8750999999999998,-11.086672460991775
233,2021-03-26 09:50:00,1.159,1.159,16.197,0.01159,116.76485285626983,16.764852856269826,1,0.5836909871244635,-0.7161000000000008,-4.233996133174881
234,2021-04-15 09:50:00,0.4071,0.4071,16.6041,0.004071,117.2402025722477,17.240202572247696,1,0.5854700854700855,-0.30900000000000105,-1.8269861823083944
235,2021-05-11 09:50:00,0.6892,0.6892,17.2933,0.0068920000000000006,118.04822204837562,18.04822204837562,1,0.5872340425531914,0.0,0.0
236,2021-05-14 09:50:00,0.9523,0.9523,18.2456,0.009523,119.1723952669423,19.172395266942303,1,0.5889830508474576,0.0,0.0
237,2021-05-24 09:50:00,0.4592,0.4592,18.7048,0.004592,119.7196349060081,19.719634906008096,1,0.5907172995780591,0.0,0.0
238,2021-06-14 09:50:00,0.761,0.761,19.465799999999998,0.0076100000000000004,120.63070132764281,20.63070132764281,1,0.592436974789916,0.0,0.0
239,2021-06-16 09:50:00,-0.7369,-0.7369,18.7289,-0.007369,119.74177368955941,19.74177368955941,0,0.5899581589958159,-0.7368999999999986,-3.7856137430775956
240,2021-06-21 09:50:00,0.5176,0.5176,19.2465,0.005175999999999999,120.36155711017658,20.361557110176577,1,0.5916666666666667,-0.21929999999999694,-1.1265912523502604
241,2021-07-13 09:50:00,-0.309,-0.309,18.9375,-0.00309,119.98963989870613,19.98963989870613,0,0.5892116182572614,-0.528299999999998,-2.7139906913663867
242,2021-07-15 09:50:00,-0.5992,-0.5992,18.3383,-0.005992,119.27066197643309,19.27066197643309,0,0.5867768595041323,-1.1274999999999977,-5.79220992715428
243,2021-08-18 09:50:00,-1.1297,-1.1297,17.2086,-0.011297,117.92326130808533,17.92326130808533,0,0.5843621399176955,-2.2571999999999974,-11.595721727337164
244,2021-08-27 09:50:00,0.8055,0.8055,18.0141,0.008055,118.87313317792194,18.873133177921943,1,0.5860655737704918,-1.4516999999999989,-7.457695034367963
245,2021-09-10 09:50:00,-1.3258,-1.3258,16.688299999999998,-0.013258,117.29711317824905,17.29711317824905,0,0.5836734693877551,-2.7775,-14.268614698599597
246,2021-09-21 09:50:00,-0.4254,-0.4254,16.2629,-0.004254,116.79813125878879,16.798131258788786,0,0.5813008130081301,-3.2028999999999996,-16.453985965128584
247,2021-09-22 09:50:00,0.6249,0.6249,16.8878,0.006249,117.52800278102495,17.528002781024952,1,0.582995951417004,-2.5779999999999994,-13.243740303506662
248,2021-09-29 09:50:00,-0.9595,-0.9595,15.928299999999998,-0.009595,116.40032159434101,16.40032159434101,0,0.5806451612903226,-3.5374999999999996,-18.17289810847743
249,2021-10-11 09:50:00,-1.0445,-1.0445,14.883799999999999,-0.010445,115.18452023528812,15.184520235288119,0,0.5783132530120482,-4.581999999999999,-23.538719189552957
250,2021-10-12 09:50:00,-0.2061,-0.2061,14.6777,-0.002061,114.9471249390832,14.947124939083196,0,0.576,-4.788099999999998,-24.597499203731665
251,2021-10-13 09:50:00,0.3665,0.3665,15.0442,0.003665,115.36840615198494,15.368406151984942,1,0.5776892430278885,-4.421599999999998,-22.714709901468208
252,2021-10-21 09:50:00,0.5964,0.5964,15.6406,0.0059640000000000006,116.05646332627539,16.05646332627539,1,0.5793650793650794,-3.825199999999999,-19.65087486771671
253,2021-11-18 09:50:00,0.5399,0.5399,16.1805,0.005399,116.68305217177395,16.68305217177395,1,0.5810276679841897,-3.2852999999999994,-16.87729248219955
254,2021-11-29 09:50:00,0.6148,0.6148,16.795299999999997,0.006148,117.40041957652602,17.40041957652602,1,0.5826771653543307,-2.6705000000000005,-13.718932692208904
255,2021-12-02 09:50:00,0.025,0.025,16.820299999999996,0.00025,117.42976968142015,17.429769681420154,1,0.5843137254901961,-2.645500000000002,-13.590502316883981
256,2021-12-29 09:50:00,-0.1201,-0.1201,16.700199999999995,-0.001201,117.28873652803277,17.28873652803277,0,0.58203125,-2.7656000000000027,-14.207481839944943
257,2022-01-14 09:50:00,0.1322,0.1322,16.832399999999996,0.001322,117.44379223772283,17.443792237722832,1,0.5836575875486382,-2.6334000000000017,-13.528342015226716
258,2022-01-20 09:50:00,-2.8347,-2.8347,13.997699999999996,-0.028347,114.1146130591601,14.114613059160106,0,0.5813953488372093,-5.4681000000000015,-28.090805412569747
259,2022-03-24 09:50:00,1.8578,1.8578,15.855499999999996,0.018577999999999997,116.23463434057318,16.23463434057318,1,0.583011583011583,-3.6103000000000023,-18.54688736142364
260,2022-04-07 09:50:00,-0.0762,-0.0762,15.779299999999996,-0.0007620000000000001,116.14606354920566,16.146063549205664,0,0.5807692307692308,-3.6865000000000023,-18.93834314541402
261,2022-04-27 09:50:00,-1.3335,-1.3335,14.445799999999995,-0.013335,114.597255791777,14.597255791777002,0,0.578544061302682,-5.020000000000003,-25.78881936524573
262,2022-05-02 09:50:00,1.1015,1.1015,15.547299999999995,0.011014999999999999,115.85954456432343,15.859544564323429,1,0.5801526717557252,-3.9185000000000034,-20.130177028429365
263,2022-06-09 09:50:00,-2.8533,-2.8533,12.693999999999996,-0.028533,112.55372417926958,12.55372417926958,0,0.5779467680608364,-6.7718000000000025,-34.78819262501414
264,2022-06-14 09:50:00,-0.3548,-0.3548,12.339199999999995,-0.003548,112.15438356588153,12.154383565881531,0,0.5757575757575758,-7.126600000000003,-36.61087651162554
265,2022-06-17 09:50:00,-0.2459,-0.2459,12.093299999999994,-0.0024590000000000002,111.87859593669303,11.878595936693031,0,0.5735849056603773,-7.372500000000004,-37.87411768332154
266,2022-06-24 09:50:00,1.594,1.594,13.687299999999993,0.01594,113.66194075592392,13.661940755923922,1,0.575187969924812,-5.778500000000005,-29.68539695260408
267,2022-09-05 09:50:00,0.7076,0.7076,14.394899999999993,0.007076,114.46621264871285,14.466212648712855,1,0.5767790262172284,-5.070900000000005,-26.0503036094073
268,2022-09-09 09:50:00,0.8269,0.8269,15.221799999999993,0.008269,115.41273376110507,15.412733761105073,1,0.5783582089552238,-4.244000000000005,-21.802340515159948
269,2022-09-30 09:50:00,-1.802,-1.802,13.419799999999993,-0.01802,113.33299629872995,13.332996298729952,0,0.5762081784386617,-6.046000000000005,-31.059601968580818
270,2022-10-17 09:50:00,0.3394,0.3394,13.759199999999993,0.003394,113.71764848816782,13.717648488167825,1,0.5777777777777777,-5.706600000000005,-29.31603119316959
271,2022-11-04 09:50:00,0.6707,0.6707,14.429899999999993,0.006706999999999999,114.48035275657797,14.480352756577972,1,0.5793357933579336,-5.035900000000005,-25.870501083952398
272,2022-11-10 09:50:00,1.7099,1.7099,16.139799999999994,0.017099,116.4378523083627,16.437852308362693,1,0.5808823529411765,-3.326000000000004,-17.086377133228556
273,2022-11-17 09:50:00,1.0214,1.0214,17.161199999999994,0.010214,117.6271485318403,17.627148531840305,1,0.5824175824175825,-2.304600000000004,-11.839225718953264
274,2022-12-05 09:50:00,-1.1536,-1.1536,16.007599999999993,-0.011536,116.270201746377,16.270201746376998,0,0.5802919708029197,-3.458200000000005,-17.765516957946787
275,2022-12-12 09:50:00,1.064,1.064,17.071599999999993,0.01064,117.50731669295844,17.50731669295844,1,0.5818181818181818,-2.394200000000005,-12.299520184117812
276,2022-12-14 09:50:00,-1.1891,-1.1891,15.882499999999993,-0.011891,116.11003719016247,16.110037190162473,0,0.5797101449275363,-3.583300000000005,-18.408182556072727
277,2022-12-29 09:50:00,0.6409,0.6409,16.52339999999999,0.006409000000000001,116.85418641851423,16.85418641851423,1,0.5812274368231047,-2.9424000000000063,-15.115741454242858
278,2023-01-10 09:50:00,0.6391,0.6391,17.16249999999999,0.006391,117.60100152391496,17.60100152391496,1,0.5827338129496403,-2.3033000000000072,-11.832547339436383
279,2023-01-17 09:50:00,0.1062,0.1062,17.268699999999992,0.001062,117.72589378753335,17.72589378753335,1,0.5842293906810035,-2.197100000000006,-11.28697510505608
280,2023-01-27 09:50:00,0.7882,0.7882,18.05689999999999,0.007882,118.65380928236668,18.65380928236668,1,0.5857142857142857,-1.4089000000000063,-7.237822231811723
281,2023-02-09 09:50:00,-1.9302,-1.9302,16.126699999999992,-0.019302,116.36355345559843,16.363553455598435,0,0.5836298932384342,-3.3391000000000055,-17.153674649898825
282,2023-02-16 09:50:00,-0.7199,-0.7199,15.406799999999993,-0.007199,115.52585223427158,15.525852234271582,0,0.5815602836879432,-4.059000000000005,-20.851955737755475
283,2023-02-27 09:50:00,-0.4517,-0.4517,14.955099999999993,-0.004517,115.00402195972937,15.004021959729371,0,0.5795053003533569,-4.510700000000005,-23.17243575912629
284,2023-03-01 09:50:00,-0.737,-0.737,14.218099999999993,-0.00737,114.15644231788616,14.15644231788616,0,0.5774647887323944,-5.247700000000005,-26.958563223705195
285,2023-03-02 09:50:00,1.4539,1.4539,15.671999999999993,0.014539,115.81616283274592,15.816162832745917,1,0.5789473684210527,-3.7938000000000045,-19.48956631630863
286,2023-03-03 09:50:00,0.9953,0.9953,16.667299999999994,0.009953,116.96888110142025,16.96888110142025,1,0.5804195804195804,-2.798500000000004,-14.376496213872558
287,2023-03-07 09:50:00,-1.3791,-1.3791,15.288199999999994,-0.013791,115.35576326215056,15.35576326215056,0,0.578397212543554,-4.1776000000000035,-21.46122943829693
288,2023-03-13 09:50:00,0.4117,0.4117,15.699899999999994,0.004117,115.83068293950083,15.830682939500832,1,0.5798611111111112,-3.765900000000004,-19.346238017446005
289,2023-04-04 09:50:00,-0.4392,-0.4392,15.260699999999995,-0.004392,115.32195458003055,15.32195458003055,0,0.5778546712802768,-4.205100000000003,-21.60250285115435
290,2023-04-13 09:50:00,1.1215,1.1215,16.382199999999994,0.011215,116.61529030064558,16.615290300645583,1,0.5793103448275863,-3.083600000000004,-15.841116214078047
291,2023-05-02 09:50:00,-0.777,-0.777,15.605199999999995,-0.00777,115.70918949500955,15.709189495009554,0,0.5773195876288659,-3.8606000000000034,-19.83273227917683
292,2023-05-31 09:50:00,-0.5413,-0.5413,15.063899999999995,-0.005413,115.08285565227307,15.082855652273068,0,0.5753424657534246,-4.401900000000003,-22.61350676571219
293,2023-06-01 09:50:00,1.1696,1.1696,16.233499999999996,0.011696,116.42886473198205,16.428864731982046,1,0.5767918088737202,-3.232300000000002,-16.605020086510713
294,2023-06-27 09:50:00,1.0376,1.0376,17.271099999999997,0.010376000000000002,117.63693063244108,17.63693063244108,1,0.5782312925170068,-2.194700000000001,-11.274645789024861
295,2023-06-30 09:50:00,0.1023,0.1023,17.373399999999997,0.001023,117.75727321247807,17.75727321247807,1,0.5796610169491525,-2.0924000000000014,-10.749108693195254
296,2023-08-10 09:50:00,-1.3701,-1.3701,16.003299999999996,-0.013701000000000001,116.14388081219391,16.143880812193913,0,0.5777027027027027,-3.462500000000002,-17.78760698250266
297,2023-08-23 09:50:00,0.7463,0.7463,16.749599999999997,0.007463,117.01066259469532,17.01066259469532,1,0.5791245791245792,-2.7162000000000006,-13.953703418302874
298,2023-09-04 09:50:00,-0.5131,-0.5131,16.236499999999996,-0.005131,116.41028088492193,16.41028088492193,0,0.5771812080536913,-3.229300000000002,-16.58960844147172
299,2023-09-18 09:50:00,0.0346,0.0346,16.271099999999997,0.000346,116.45055884210811,16.45055884210811,1,0.5785953177257525,-3.194700000000001,-16.411860802022016
300,2023-09-22 09:50:00,-0.4931,-0.4931,15.777999999999997,-0.004931,115.87634113645767,15.876341136457668,0,0.5766666666666667,-3.687800000000001,-18.94502152493091
301,2023-09-25 09:50:00,0.3932,0.3932,16.171199999999995,0.003932,116.33196690980623,16.331966909806226,1,0.5780730897009967,-3.2946000000000026,-16.925068581820437
302,2023-09-28 09:50:00,0.8125,0.8125,16.983699999999995,0.008125,117.2771641409484,17.2771641409484,1,0.5794701986754967,-2.4821000000000026,-12.751081383760251
303,2023-10-03 09:50:00,-1.5889,-1.5889,15.394799999999995,-0.015889,115.41374727991287,15.413747279912869,0,0.5775577557755776,-4.071000000000003,-20.913602317911433
304,2023-10-06 09:50:00,2.4483,2.4483,17.843099999999996,0.024483,118.23942205456697,18.239422054566973,1,0.5789473684210527,-1.6227000000000018,-8.336158801590491
305,2023-11-16 09:50:00,0.0493,0.0493,17.892399999999995,0.000493,118.29771408963988,18.297714089639882,1,0.580327868852459,-1.573400000000003,-8.082894101449739
306,2023-11-20 09:50:00,0.615,0.615,18.507399999999993,0.00615,119.02524503129118,19.025245031291178,1,0.5816993464052288,-0.9584000000000046,-4.923506868456497
307,2023-12-29 09:50:00,-0.4722,-0.4722,18.035199999999993,-0.0047220000000000005,118.46320782425342,18.463207824253416,0,0.5798045602605864,-1.4306000000000054,-7.3492997975937575
308,2024-01-04 09:50:00,-0.1503,-0.1503,17.88489999999999,-0.001503,118.28515762289356,18.285157622893564,0,0.577922077922078,-1.5809000000000069,-8.121423214047237
309,2024-01-29 09:50:00,0.8428,0.8428,18.72769999999999,0.008428,119.28206493133932,19.28206493133932,1,0.5792880258899676,-0.7381000000000064,-3.7917784010932327
310,2024-02-13 09:50:00,0.0443,0.0443,18.77199999999999,0.000443,119.3349068861039,19.334906886103894,1,0.5806451612903226,-0.6938000000000066,-3.56419977601746
311,2024-02-19 09:50:00,-0.6201,-0.6201,18.15189999999999,-0.006201,118.59491112850316,18.594911128503156,0,0.5787781350482315,-1.3139000000000074,-6.749786805576999
312,2024-02-29 09:50:00,0.0595,0.0595,18.21139999999999,0.0005949999999999999,118.6654751006246,18.665475100624604,1,0.5801282051282052,-1.2544000000000075,-6.44412251230367
313,2024-03-11 09:50:00,0.289,0.289,18.500399999999992,0.0028899999999999998,119.00841832366541,19.00841832366541,1,0.5814696485623003,-0.965400000000006,-4.959467373547484
314,2024-03-22 09:50:00,0.2113,0.2113,18.711699999999993,0.002113,119.25988311158332,19.25988311158332,1,0.5828025477707006,-0.7541000000000047,-3.873973841301178
315,2024-04-01 09:50:00,-0.511,-0.511,18.200699999999994,-0.00511,118.65046510888314,18.65046510888314,0,0.580952380952381,-1.2651000000000039,-6.499090712942721
316,2024-05-06 09:50:00,0.528,0.528,18.728699999999993,0.00528,119.27693956465804,19.276939564658036,1,0.5822784810126582,-0.7371000000000052,-3.7866411860802294
317,2024-05-10 09:50:00,-0.4169,-0.4169,18.311799999999995,-0.004169,118.77967400361298,18.779674003612982,0,0.580441640378549,-1.1540000000000035,-5.9283461249987335
318,2024-05-16 09:50:00,-0.31,-0.31,18.001799999999996,-0.0031,118.41145701420179,18.411457014201787,0,0.5786163522012578,-1.4640000000000022,-7.520882779027846
319,2024-07-03 09:50:00,0.6635,0.6635,18.665299999999995,0.006634999999999999,119.197117031491,19.197117031491004,1,0.5799373040752351,-0.8005000000000031,-4.112340617904238
320,2024-07-05 09:50:00,0.5726,0.5726,19.237899999999996,0.005726,119.87963972361331,19.87963972361331,1,0.58125,-0.22790000000000177,-1.1707713014620607
321,2024-07-15 09:50:00,-0.1422,-0.1422,19.095699999999997,-0.0014219999999999999,119.70917087592633,19.709170875926333,0,0.5794392523364486,-0.37010000000000076,-1.901283276310251
322,2024-07-26 09:50:00,0.3292,0.3292,19.424899999999997,0.003292,120.10325346644989,20.103253466449885,1,0.5807453416149069,-0.0409000000000006,-0.2101120940315867
323,2024-08-05 09:50:00,0.7281,0.7281,20.153,0.007280999999999999,120.97772525493912,20.977725254939116,1,0.5820433436532507,0.0,0.0
324,2024-08-23 09:50:00,0.211,0.211,20.363999999999997,0.00211,121.23298825522704,21.232988255227042,1,0.5833333333333334,0.0,0.0
325,2024-09-04 09:50:00,-0.076,-0.076,20.287999999999997,-0.0007599999999999999,121.14085118415308,21.140851184153078,0,0.5815384615384616,-0.07600000000000051,-0.3732076212924795
326,2024-09-05 09:50:00,-0.3649,-0.3649,19.923099999999998,-0.003649,120.69880821818211,20.69880821818211,0,0.5797546012269938,-0.4408999999999992,-2.1650952661559577
327,2024-10-21 09:50:00,0.144,0.144,20.067099999999996,0.0014399999999999999,120.8726145020163,20.872614502016305,1,0.581039755351682,-0.29690000000000083,-1.4579650363386412
328,2024-10-30 09:50:00,-0.4371,-0.4371,19.629999999999995,-0.004371,120.34428030402799,20.34428030402799,0,0.5792682926829268,-0.7340000000000018,-3.6043999214299833
329,2024-11-01 09:50:00,-0.095,-0.095,19.534999999999997,-0.00095,120.22995323773917,20.229953237739167,0,0.5775075987841946,-0.8290000000000006,-4.070909448045574
330,2024-11-04 09:50:00,-0.1781,-0.1781,19.356899999999996,-0.001781,120.01582369102275,20.015823691022746,0,0.5757575757575758,-1.0071000000000012,-4.945492044784921
331,2024-11-18 09:50:00,0.5311,0.5311,19.887999999999995,0.005311,120.65322773064578,20.65322773064578,1,0.5770392749244713,-0.47600000000000264,-2.337458259673948
332,2024-12-11 09:50:00,0.4815,0.4815,20.369499999999995,0.004815,121.23417302216885,21.234173022168847,1,0.5783132530120482,0.0,0.0
333,2025-01-02 09:50:00,-1.0336,-1.0336,19.335899999999995,-0.010336000000000001,119.98109660981171,19.981096609811715,0,0.5765765765765766,-1.0335999999999999,-5.074253172635559
334,2025-01-15 09:50:00,0.3667,0.3667,19.702599999999997,0.003667,120.42106729107991,20.421067291079908,1,0.5778443113772455,-0.6668999999999983,-3.2740126169027146
335,2025-01-28 09:50:00,1.4088,1.4088,21.111399999999996,0.014088,122.11755928707666,22.11755928707666,1,0.5791044776119403,0.0,0.0
336,2025-02-04 09:50:00,0.5009,0.5009,21.612299999999998,0.005009,122.72924614154563,22.72924614154563,1,0.5803571428571429,0.0,0.0
337,2025-02-10 09:50:00,0.2689,0.2689,21.881199999999996,0.0026889999999999996,123.05926508442023,23.059265084420232,1,0.5816023738872403,0.0,0.0
338,2025-02-26 09:50:00,-0.4732,-0.4732,21.407999999999998,-0.004732,122.47694864204077,22.476948642040767,0,0.5798816568047337,-0.4731999999999985,-2.1625870610386935
339,2025-03-07 09:50:00,0.2545,0.2545,21.662499999999998,0.002545,122.78865247633476,22.78865247633476,1,0.5811209439528023,-0.21869999999999834,-0.9994881450743031
340,2025-03-21 09:50:00,1.158,1.158,22.8205,0.01158,124.2105450720107,24.210545072010703,1,0.5823529411764706,0.0,0.0
341,2025-03-31 09:50:00,1.8569,1.8569,24.6774,0.018569,126.51701068345288,26.51701068345288,1,0.5835777126099707,0.0,0.0
342,2025-04-01 09:50:00,1.0299,1.0299,25.7073,0.010299,127.82000937648176,27.820009376481764,1,0.5847953216374269,0.0,0.0
343,2025-04-07 09:50:00,1.9943,1.9943,27.7016,0.019943,130.36912382347694,30.36912382347694,1,0.5860058309037901,0.0,0.0
344,2025-04-08 09:50:00,-5.4441,-5.4441,22.2575,-0.054440999999999996,123.27169835340304,23.27169835340304,0,0.5843023255813954,-5.444099999999999,-19.65265544228492
345,2025-04-10 09:50:00,-1.1234,-1.1234,21.1341,-0.011234,121.88686409410091,21.886864094100915,0,0.5826086956521739,-6.567499999999999,-23.70801686545181
346,2025-04-17 09:50:00,-0.5018,-0.5018,20.6323,-0.005018,121.27523581007672,21.275235810076722,0,0.5809248554913294,-7.069299999999998,-25.519464579663264
347,2025-05-07 09:50:00,0.1083,0.1083,20.7406,0.001083,121.40657689045904,21.406576890459036,1,0.5821325648414986,-6.9609999999999985,-25.12851243249487
348,2025-05-20 09:50:00,0.2185,0.2185,20.9591,0.002185,121.6718502609647,21.671850260964703,1,0.5833333333333334,-6.7425,-24.33974932855864
349,2025-06-16 09:50:00,0.1185,0.1185,21.0776,0.0011849999999999999,121.81603140352395,21.81603140352395,1,0.5845272206303725,-6.623999999999999,-23.911976203540586
